AnlyTxHack__Account_External_Id__c,NAME,TYPE,INDUSTRY,NUMBEROFEMPLOYEES,SIC,BILLINGCOUNTRY
0012w00000LRfgGAAT,Gutierrez801 Inc,Customer,Banking,4000,26511,Germany
0012w00000LRfltAAD,Kim971 Inc,Customer,Transportation,1000,46640,USA
0012w00000LRfluAAD,Wagner972 Inc,Customer,Media,1000,46690,China
0012w00000LRflvAAD,Owens973 Inc,Customer,Energy,1000,47410,Russian
0012w00000LRflwAAD,Cummings974 Inc,Customer,Agriculture,1000,43290,Mexico
0012w00000LRflxAAD,Myers975 Inc,Customer,Transportation,1000,46610,Italy
0012w00000LRflyAAD,Obrien976 Inc,Customer,Healthcare,1000,46620,USA
0012w00000LRflzAAD,Marshall977 Inc,Customer,Insurance,1000,46630,Japan
0012w00000LRfm0AAD,Mack978 Inc,Customer,Engineering,1000,46640,Canada
0012w00000LRfm1AAD,Roberts979 Inc,Partner,Banking,1000,46690,USA
0012w00000LRfm2AAD,Torres548 Inc,Customer,Biotechnology,900,62011,Spain
0012w00000LRfm3AAD,Phelps549 Inc,Customer,Finance,900,62090,USA
0012w00000LRfm4AAD,Garza550 Inc,Customer,Insurance,900,18202,USA
0012w00000LRfm5AAD,Owens551 Inc,Partner,Consulting,900,18203,Japan
0012w00000LRfm6AAD,Phillips552 Inc,Customer,Insurance,400,47430,Canada
0012w00000LRfm7AAD,Long553 Inc,Customer,Engineering,400,47741,Canada
0012w00000LRfm8AAD,Gibbs554 Inc,Partner,Media,400,62011,Normway
0012w00000LRfm9AAD,Stone555 Inc,Customer,Electronics,400,62090,Italy
0012w00000LRfmAAAT,Pittman556 Inc,Customer,Consulting,400,18202,Canada
0012w00000LRfmBAAT,Clayton557 Inc,Partner,Apparel,400,18203,Australia
0012w00000LRfmCAAT,Smith558 Inc,Partner,Electronics,400,47430,Canada
0012w00000LRfmDAAT,Williamson719 Inc,Partner,Technology,400,47741,Singapore
0012w00000LRfmEAAT,Munoz720 Inc,Customer,Engineering,400,62011,Canada
0012w00000LRfmFAAT,Robertson721 Inc,Customer,Education,400,62090,USA
0012w00000LRfmGAAT,Phillips722 Inc,Partner,Manufacturing,400,18202,USA
0012w00000LRfmHAAT,Wade723 Inc,Customer,Banking,400,18203,Canada
0012w00000LRfrWAAT,Lee615 Inc,Customer,Insurance,8000,72110,Turkey
0012w00000LRfrXAAT,Ingram616 Inc,Customer,Media,8000,21100,Canada
0012w00000LRfrYAAT,Roy617 Inc,Customer,Telecommunications,8000,72110,Canada
0012w00000LRfrZAAT,Buchanan618 Inc,Customer,Transportation,8000,21100,Turkey
0012w00000LRfraAAD,Maxwell619 Inc,Customer,Banking,8000,72110,USA
0012w00000LRfrbAAD,Buchanan609 Inc,Partner,Finance,8000,72110,USA
0012w00000LRfrcAAD,Castillo620 Inc,Partner,Manufacturing,8000,21100,USA
0012w00000LRfrdAAD,Lopez621 Inc,Customer,Utilities,8000,72110,France
0012w00000LRfreAAD,Thompson622 Inc,Customer,Energy,8000,21100,Japan
0012w00000LRfrfAAD,Haynes623 Inc,Partner,Apparel,8000,72110,Korea
0012w00000LRfrgAAD,Quinn624 Inc,Partner,Apparel,8000,21100,India
0012w00000LRfrhAAD,Lawrence772 Inc,Customer,Apparel,8000,72110,United Kingdom
0012w00000LRfriAAD,Duncan773 Inc,Customer,Technology,8000,21100,Japan
0012w00000LRfrjAAD,Gilbert774 Inc,Partner,Media,8000,72110,USA
0012w00000LRfrkAAD,Joseph775 Inc,Partner,Media,8000,21100,Canada
0012w00000LRfrlAAD,Bridges776 Inc,Customer,Finance,8000,72110,USA
0012w00000LRfrmAAD,Figueroa777 Inc,Partner,Apparel,8000,21100,USA
0012w00000LRfrnAAD,Santiago778 Inc,Partner,Apparel,8000,72110,Japan
0012w00000LRfroAAD,Richardson779 Inc,Partner,Telecommunications,8000,21100,Canada
0012w00000LRfrpAAD,Hamilton780 Inc,Partner,Energy,8000,72110,Singapore
0012w00000LRfrqAAD,Aguilar677 Inc,Customer,Retail,10000,66290,Belgium
0012w00000LRfrrAAD,Curtis678 Inc,Customer,Technology,10000,65110,USA
0012w00000LRfrsAAD,Johnson679 Inc,Customer,Banking,10000,65120,USA
0012w00000LRfrtAAD,Hunt680 Inc,Customer,Media,10000,65201,USA
0012w00000LRfruAAD,Lewis681 Inc,Customer,Energy,10000,65202,Canada
0012w00000LRfvGAAT,Gordon630 Inc,Partner,Agriculture,4000,85422,United Kingdom
0012w00000LRfvHAAT,Thomas631 Inc,Customer,Biotechnology,4000,85100,Korea
0012w00000LRfvIAAT,Hodges632 Inc,Customer,Manufacturing,4000,85200,Switzerland
0012w00000LRfvJAAT,Lindsey633 Inc,Customer,Insurance,4000,85310,France
0012w00000LRfvKAAT,Price634 Inc,Customer,Manufacturing,4000,85320,China
0012w00000LRfvLAAT,Mack635 Inc,Customer,Transportation,4000,85410,USA
0012w00000LRfvMAAT,Walton636 Inc,Partner,Consulting,4000,85421,Canada
0012w00000LRfvNAAT,Herrera637 Inc,Customer,Utilities,4000,85422,China
0012w00000LRfvOAAT,Anderson638 Inc,Customer,Insurance,4000,85100,Russian
0012w00000LRfvPAAT,Ryan639 Inc,Customer,Communications,4000,85200,Japan
0012w00000LRfvQAAT,Price807 Inc,Partner,Apparel,4000,27320,Taiwan
0012w00000LRfvRAAT,Rodriguez808 Inc,Customer,Transportation,4000,27330,Japan
0012w00000LRfvSAAT,Morales809 Inc,Partner,Energy,4000,26400,Canada
0012w00000LRfgHAAT,Munoz802 Inc,Customer,Utilities,4000,26512,Switzerland
0012w00000LRfgIAAT,Webster803 Inc,Partner,Telecommunications,4000,27110,Japan
0012w00000LRfgJAAT,Roberts804 Inc,Partner,Banking,4000,27120,Japan
0012w00000LRfgKAAT,Ellis805 Inc,Customer,Healthcare,4000,27200,Russian
0012w00000LRfgLAAT,Patrick806 Inc,Customer,Energy,4000,27310,Sweden
0012w00000LRfgMAAT,Jimenez958 Inc,Customer,Apparel,4000,26400,USA
0012w00000LRfgNAAT,Oliver959 Inc,Partner,Technology,4000,26511,USA
0012w00000LRfgOAAT,Johnson960 Inc,Partner,Communications,4000,26512,Italy
0012w00000LRfgPAAT,Stokes961 Inc,Customer,Agriculture,4000,27110,USA
0012w00000LRfgQAAT,Adams25 Inc,Customer,Transportation,4000,27120,Japan
0012w00000LRfgRAAT,McGuire26 Inc,Partner,Energy,4000,27200,USA
0012w00000LRfgSAAT,Dennis27 Inc,Partner,Media,4000,27310,Japan
0012w00000LRfgTAAT,Cohen28 Inc,Customer,Retail,4000,27320,China
0012w00000LRfgUAAT,Reid29 Inc,Customer,Biotechnology,4000,27330,USA
0012w00000LRfgVAAT,Francis30 Inc,Customer,Biotechnology,4000,26400,Canada
0012w00000LRfgWAAT,Long31 Inc,Customer,Consulting,4000,26511,USA
0012w00000LRfgXAAT,Peterson32 Inc,Customer,Retail,4000,26512,Sweden
0012w00000LRfmIAAT,Munoz724 Inc,Customer,Agriculture,400,47430,India
0012w00000LRfmJAAT,Jones725 Inc,Customer,Finance,400,47741,Canada
0012w00000LRfmKAAT,Cole726 Inc,Customer,Consulting,400,62011,Germany
0012w00000LRfmLAAT,Wallace727 Inc,Customer,Transportation,400,62090,Singapore
0012w00000LRfmMAAT,Ellis728 Inc,Customer,Utilities,400,18202,Italy
0012w00000LRfmNAAT,Jensen729 Inc,Partner,Consulting,400,18203,Canada
0012w00000LRfmOAAT,Joseph730 Inc,Customer,Energy,400,47430,Canada
0012w00000LRfmPAAT,Stone167 Inc,Partner,Energy,5000,47710,USA
0012w00000LRfmQAAT,Newman168 Inc,Partner,Apparel,5000,47721,United Kingdom
0012w00000LRfmRAAT,Baker169 Inc,Customer,Consulting,5000,47722,China
0012w00000LRfmSAAT,Coleman170 Inc,Customer,Banking,5000,74100,Taiwan
0012w00000LRfmTAAT,Olson171 Inc,Customer,Transportation,5000,47710,United Kingdom
0012w00000LRfmUAAT,Carter172 Inc,Partner,Utilities,5000,47721,Australia
0012w00000LRfmVAAT,Greer173 Inc,Customer,Transportation,5000,47722,Canada
0012w00000LRfmWAAT,Jordan174 Inc,Customer,Healthcare,5000,74100,India
0012w00000LRfmXAAT,Wise175 Inc,Partner,Insurance,5000,47710,USA
0012w00000LRfmYAAT,Carpenter176 Inc,Partner,Energy,5000,47721,Japan
0012w00000LRfmZAAT,Flores188 Inc,Customer,Retail,5000,47722,Canada
0012w00000LRfmaAAD,Hoffman387 Inc,Partner,Transportation,5000,74100,Canada
0012w00000LRfmbAAD,Figueroa166 Inc,Customer,Utilities,5000,74100,Belgium
0012w00000LRfmcAAD,Ross388 Inc,Customer,Education,5000,47710,USA
0012w00000LRfmdAAD,Fleming389 Inc,Customer,Manufacturing,5000,47721,Switzerland
0012w00000LRfmeAAD,Gardner390 Inc,Customer,Energy,5000,47722,Germany
0012w00000LRfmfAAD,Stephens391 Inc,Customer,Insurance,5000,74100,Canada
0012w00000LRfmgAAD,Pratt392 Inc,Partner,Retail,5000,47710,Russian
0012w00000LRfrvAAD,Ortega682 Inc,Partner,Telecommunications,10000,66210,Turkey
0012w00000LRfrwAAD,Hanson683 Inc,Customer,Consulting,10000,66220,Canada
0012w00000LRfrxAAD,Ryan684 Inc,Partner,Electronics,10000,66290,China
0012w00000LRfryAAD,Watts685 Inc,Customer,Biotechnology,10000,65110,USA
0012w00000LRfrzAAD,Strickland686 Inc,Customer,Energy,10000,65120,Normway
0012w00000LRfs0AAD,Reese687 Inc,Customer,Technology,10000,65201,USA
0012w00000LRfs1AAD,Goodman688 Inc,Customer,Technology,10000,65202,Singapore
0012w00000LRfs2AAD,Benson689 Inc,Customer,Manufacturing,10000,66210,Italy
0012w00000LRfs3AAD,Todd690 Inc,Customer,Biotechnology,10000,66220,USA
0012w00000LRfs4AAD,Olson691 Inc,Customer,Healthcare,10000,66290,Canada
0012w00000LRfs5AAD,Haynes692 Inc,Partner,Insurance,10000,65110,United Kingdom
0012w00000LRfs6AAD,Schneider843 Inc,Partner,Energy,10000,65120,USA
0012w00000LRfs7AAD,Reeves844 Inc,Customer,Apparel,10000,65201,Singapore
0012w00000LRfs8AAD,Lloyd845 Inc,Customer,Banking,10000,65202,Hong Kong
0012w00000LRfs9AAD,Beck846 Inc,Customer,Insurance,10000,66210,Germany
0012w00000LRfsAAAT,Martin847 Inc,Partner,Agriculture,10000,66220,Switzerland
0012w00000LRfsBAAT,Simmons848 Inc,Partner,Apparel,10000,66290,Denmark
0012w00000LRfsCAAT,Patterson849 Inc,Partner,Energy,10000,65110,Brazil
0012w00000LRfsDAAT,Bryan850 Inc,Customer,Telecommunications,10000,65120,Italy
0012w00000LRfsEAAT,Bennett922 Inc,Customer,Retail,1100,35220,Italy
0012w00000LRfsFAAT,Pierce923 Inc,Partner,Electronics,1100,36000,Hong Kong
0012w00000LRfsGAAT,Turner924 Inc,Customer,Utilities,1100,38110,Korea
0012w00000LRfsHAAT,Graves925 Inc,Customer,Education,1100,35130,China
0012w00000LRfsIAAT,Bryan926 Inc,Customer,Engineering,1100,35220,Singapore
0012w00000LRfvTAAT,Burton810 Inc,Partner,Banking,4000,26511,USA
0012w00000LRfvUAAT,Chandler811 Inc,Partner,Manufacturing,4000,26512,USA
0012w00000LRfvVAAT,Adkins812 Inc,Customer,Energy,4000,27110,India
0012w00000LRfvWAAT,Arnold813 Inc,Customer,Communications,4000,27120,Canada
0012w00000LRfvXAAT,Gordon814 Inc,Partner,Energy,4000,27200,USA
0012w00000LRfvYAAT,Sims815 Inc,Partner,Finance,4000,27310,USA
0012w00000LRfvZAAT,Stevenson947 Inc,Customer,Energy,4000,27320,Thailand
0012w00000LRfvaAAD,Chavez948 Inc,Partner,Biotechnology,4000,27330,USA
0012w00000LRfvbAAD,Martin949 Inc,Customer,Finance,4000,26400,USA
0012w00000LRfvcAAD,Cohen950 Inc,Customer,Biotechnology,4000,26511,Normway
0012w00000LRfvdAAD,Walsh951 Inc,Partner,Apparel,4000,26512,Brazil
0012w00000LRfveAAD,Sims952 Inc,Customer,Engineering,4000,27110,Taiwan
0012w00000LRfvfAAD,Reed953 Inc,Customer,Apparel,4000,27120,USA
0012w00000LRfvgAAD,Stevenson954 Inc,Customer,Insurance,4000,27200,Canada
0012w00000LRfvhAAD,Briggs955 Inc,Customer,Energy,4000,27310,Switzerland
0012w00000LRfviAAD,Fowler307 Inc,Partner,Agriculture,10000,30400,Germany
0012w00000LRfvjAAD,Hughes308 Inc,Customer,Finance,10000,30910,Canada
0012w00000LRfvkAAD,Harper309 Inc,Customer,Apparel,10000,33120,Japan
0012w00000LRfvlAAD,Sims310 Inc,Partner,Apparel,10000,30200,Japan
0012w00000LRfvmAAD,Wright311 Inc,Partner,Technology,10000,30300,India
0012w00000LRfvnAAD,Wade312 Inc,Partner,Transportation,10000,30400,Japan
0012w00000LRfvoAAD,Edwards508 Inc,Customer,Banking,10000,30910,USA
0012w00000LRfvpAAD,Holland509 Inc,Customer,Electronics,10000,33120,United Kingdom
0012w00000LRfvqAAD,Medina510 Inc,Customer,Technology,10000,30200,China
0012w00000LRfvrAAD,Patton511 Inc,Partner,Manufacturing,10000,30300,Normway
0012w00000LRfgYAAT,Graves33 Inc,Customer,Telecommunications,4000,27110,Canada
0012w00000LRfgZAAT,Vasquez34 Inc,Customer,Technology,4000,27120,USA
0012w00000LRfgaAAD,Rodgers956 Inc,Customer,Electronics,4000,27320,Germany
0012w00000LRfgbAAD,Sanchez957 Inc,Customer,Apparel,4000,27330,China
0012w00000LRfgcAAD,Silva35 Inc,Partner,Telecommunications,4000,27200,France
0012w00000LRfgdAAD,Soto36 Inc,Customer,Healthcare,4000,35110,USA
0012w00000LRfgeAAD,Delgado37 Inc,Customer,Education,4000,35120,Denmark
0012w00000LRfgfAAD,Gutierrez38 Inc,Customer,Technology,4000,35130,Singapore
0012w00000LRfggAAD,Greer39 Inc,Partner,Biotechnology,4000,35140,Normway
0012w00000LRfghAAD,Webster40 Inc,Customer,Consulting,4000,35210,Thailand
0012w00000LRfgiAAD,Morales41 Inc,Partner,Banking,4000,35208,USA
0012w00000LRfgjAAD,Adkins42 Inc,Customer,Utilities,4000,35230,Japan
0012w00000LRfgkAAD,Carr43 Inc,Customer,Apparel,4000,35252,Australia
0012w00000LRfglAAD,Evans525 Inc,Partner,Education,10000,58190,China
0012w00000LRfgmAAD,Porter526 Inc,Customer,Electronics,10000,59111,Canada
0012w00000LRfgnAAD,Snyder527 Inc,Customer,Insurance,10000,59112,United Kingdom
0012w00000LRfgoAAD,Pittman528 Inc,Customer,Energy,10000,59113,Switzerland
0012w00000LRfgpAAD,Flowers529 Inc,Customer,Utilities,10000,59120,France
0012w00000LRfgqAAD,Williamson530 Inc,Customer,Biotechnology,10000,59131,Taiwan
0012w00000LRfgrAAD,McKenzie531 Inc,Partner,Media,10000,59132,USA
0012w00000LRfgsAAD,Cross532 Inc,Customer,Insurance,10000,59133,Hong Kong
0012w00000LRfgtAAD,Stone533 Inc,Customer,Technology,10000,18110,USA
0012w00000LRfguAAD,Harmon693 Inc,Partner,Transportation,10000,58130,USA
0012w00000LRfmhAAD,Wilson393 Inc,Customer,Education,5000,47721,Brazil
0012w00000LRfmiAAD,Robinson394 Inc,Customer,Education,5000,47722,Italy
0012w00000LRfmjAAD,Rivera395 Inc,Customer,Engineering,8000,74100,USA
0012w00000LRfmkAAD,Cook396 Inc,Partner,Finance,8000,47710,Singapore
0012w00000LRfmlAAD,Warren397 Inc,Customer,Education,8000,47721,USA
0012w00000LRfsJAAT,Blair927 Inc,Customer,Retail,1100,36000,Japan
0012w00000LRfsKAAT,Collins928 Inc,Customer,Apparel,1100,38110,Singapore
0012w00000LRfsLAAT,Harrison929 Inc,Customer,Utilities,1100,35130,Mexico
0012w00000LRfsMAAT,Harris930 Inc,Customer,Biotechnology,1100,35220,Thailand
0012w00000LRfsNAAT,McCarthy931 Inc,Partner,Finance,1100,36000,Canada
0012w00000LRfsOAAT,Patterson932 Inc,Customer,Telecommunications,1100,38110,USA
0012w00000LRfsPAAT,Hopkins933 Inc,Customer,Energy,1100,35130,Switzerland
0012w00000LRfsQAAT,Brewer934 Inc,Customer,Insurance,1100,35220,Brazil
0012w00000LRfsRAAT,Stokes935 Inc,Customer,Electronics,1100,36000,Hong Kong
0012w00000LRfsSAAT,Mendoza936 Inc,Customer,Telecommunications,1100,38110,China
0012w00000LRfsTAAT,Glover937 Inc,Customer,Agriculture,1100,35130,USA
0012w00000LRfsUAAT,Bowen938 Inc,Customer,Energy,1100,35220,USA
0012w00000LRfsVAAT,Watkins939 Inc,Customer,Biotechnology,1100,36000,United Kingdom
0012w00000LRfsWAAT,Bowman940 Inc,Customer,Finance,1100,38110,United Kingdom
0012w00000LRfsXAAT,Brewer941 Inc,Partner,Apparel,1100,35130,Brazil
0012w00000LRfsYAAT,Bailey942 Inc,Customer,Agriculture,1100,35220,USA
0012w00000LRfsZAAT,Lynch943 Inc,Customer,Consulting,1100,36000,India
0012w00000LRfsaAAD,Holloway944 Inc,Customer,Insurance,1100,38110,Singapore
0012w00000LRfsbAAD,Holmes945 Inc,Customer,Insurance,1100,35130,Hong Kong
0012w00000LRfscAAD,Norton781 Inc,Customer,Media,8000,21100,Canada
0012w00000LRfsdAAD,Morgan782 Inc,Customer,Transportation,8000,72110,Canada
0012w00000LRfseAAD,Ingram783 Inc,Partner,Retail,8000,21100,Mexico
0012w00000LRfsfAAD,Palmer784 Inc,Customer,Agriculture,8000,72110,Canada
0012w00000LRfsgAAD,Peters785 Inc,Partner,Biotechnology,8000,21100,Japan
0012w00000LRfvsAAD,Berry512 Inc,Customer,Transportation,10000,30400,United Kingdom
0012w00000LRfvtAAD,Conner513 Inc,Partner,Engineering,10000,30910,Canada
0012w00000LRfvuAAD,Tran514 Inc,Partner,Engineering,10000,33120,Japan
0012w00000LRfw3AAD,Knight521 Inc,Customer,Transportation,10000,30300,USA
0012w00000LRfw4AAD,Collins522 Inc,Customer,Engineering,10000,30400,Japan
0012w00000LRfw5AAD,Ramirez523 Inc,Customer,Utilities,10000,18110,Brazil
0012w00000LRfw6AAD,Lopez524 Inc,Partner,Media,10000,58130,USA
0012w00000LRfvvAAD,Wade515 Inc,Customer,Agriculture,10000,30200,China
0012w00000LRfvwAAD,Gutierrez305 Inc,Customer,Energy,10000,30200,Mexico
0012w00000LRfvxAAD,Woods306 Inc,Customer,Agriculture,10000,30300,USA
0012w00000LRfvyAAD,Morales516 Inc,Partner,Energy,10000,30300,China
0012w00000LRfvzAAD,Fox517 Inc,Customer,Energy,10000,30400,USA
0012w00000LRfw0AAD,Guzman518 Inc,Partner,Banking,10000,30910,USA
0012w00000LRfw1AAD,Bennett519 Inc,Customer,Manufacturing,10000,33120,Russian
0012w00000LRfw2AAD,Ortiz520 Inc,Customer,Transportation,10000,30200,USA
0012w00000LRfw7AAD,Paul640 Inc,Customer,Electronics,4000,85310,France
0012w00000LRfw8AAD,Hoffman641 Inc,Customer,Utilities,4000,85320,Brazil
0012w00000LRfw9AAD,Norris642 Inc,Customer,Apparel,4000,85410,Mexico
0012w00000LRfwAAAT,Griffith643 Inc,Partner,Media,4000,85421,Normway
0012w00000LRfgvAAD,Carroll694 Inc,Customer,Communications,10000,58190,USA
0012w00000LRfgwAAD,McCoy695 Inc,Partner,Engineering,10000,59111,Italy
0012w00000LRfgxAAD,Lawrence696 Inc,Customer,Biotechnology,900,59112,Belgium
0012w00000LRfgyAAD,Hoffman697 Inc,Customer,Healthcare,900,59113,USA
0012w00000LRfgzAAD,Morton698 Inc,Customer,Apparel,900,59120,Canada
0012w00000LRfh0AAD,Warner699 Inc,Customer,Insurance,900,59131,Russian
0012w00000LRfh1AAD,Shaw700 Inc,Customer,Consulting,900,59132,Germany
0012w00000LRfh2AAD,Crawford701 Inc,Customer,Technology,900,59133,Spain
0012w00000LRfh3AAD,Black702 Inc,Customer,Banking,900,18110,Canada
0012w00000LRfh4AAD,Page703 Inc,Partner,Agriculture,900,58130,Japan
0012w00000LRfh5AAD,Alexander704 Inc,Customer,Banking,900,58190,Taiwan
0012w00000LRfh6AAD,Graham705 Inc,Customer,Apparel,900,59111,USA
0012w00000LRfh7AAD,West706 Inc,Customer,Technology,900,59112,USA
0012w00000LRfh8AAD,Garza707 Inc,Customer,Utilities,900,59113,USA
0012w00000LRfh9AAD,Greer122 Inc,Customer,Technology,5000,1610,Thailand
0012w00000LRfhAAAT,Stewart123 Inc,Partner,Banking,5000,1629,Switzerland
0012w00000LRfhBAAT,Frank124 Inc,Partner,Manufacturing,5000,2400,Normway
0012w00000LRfhCAAT,Burke125 Inc,Customer,Telecommunications,5000,3220,Hong Kong
0012w00000LRfhDAAT,Bennett44 Inc,Partner,Manufacturing,4000,35274,USA
0012w00000LRfhEAAT,Alvarez45 Inc,Partner,Education,4000,35296,Switzerland
0012w00000LRfhFAAT,Lawrence46 Inc,Customer,Manufacturing,4000,35318,Normway
0012w00000LRfhGAAT,Casey47 Inc,Customer,Education,500,35340,Spain
0012w00000LRfhHAAT,Gutierrez48 Inc,Customer,Telecommunications,500,35362,USA
0012w00000LRfhIAAT,West49 Inc,Partner,Apparel,500,35384,Japan
0012w00000LRfmmAAD,Parsons980 Inc,Customer,Insurance,1000,47410,USA
0012w00000LRfmnAAD,Flowers981 Inc,Customer,Telecommunications,1000,43290,USA
0012w00000LRfmoAAD,Mack982 Inc,Customer,Banking,1000,46610,India
0012w00000LRfmpAAD,Hawkins983 Inc,Customer,Retail,10000,46620,USA
0012w00000LRfmqAAD,McGuire984 Inc,Customer,Utilities,10000,46630,Canada
0012w00000LRfmrAAD,Jimenez985 Inc,Customer,Engineering,10000,46640,Australia
0012w00000LRfmsAAD,Cooper986 Inc,Partner,Engineering,10000,46690,USA
0012w00000LRfmtAAD,Summers987 Inc,Customer,Transportation,10000,64209,Spain
0012w00000LRfmuAAD,Gibbs52 Inc,Customer,Media,10000,64301,USA
0012w00000LRfmvAAD,Brown53 Inc,Partner,Technology,10000,64302,Mexico
0012w00000LRfmwAAD,Walsh54 Inc,Customer,Telecommunications,10000,64303,Italy
0012w00000LRfmxAAD,Leonard55 Inc,Customer,Transportation,10000,64304,Taiwan
0012w00000LRfmyAAD,Martin56 Inc,Partner,Telecommunications,10000,64305,USA
0012w00000LRfmzAAD,Manning57 Inc,Customer,Engineering,10000,64306,USA
0012w00000LRfn0AAD,Daniel58 Inc,Customer,Manufacturing,10000,64910,Belgium
0012w00000LRfn1AAD,Doyle59 Inc,Customer,Biotechnology,10000,64992,Japan
0012w00000LRfn2AAD,Stokes60 Inc,Customer,Technology,10000,64999,Spain
0012w00000LRfn3AAD,Hines61 Inc,Customer,Manufacturing,10000,64209,Spain
0012w00000LRfn4AAD,Gibson62 Inc,Customer,Healthcare,10000,64301,Normway
0012w00000LRfn5AAD,Rhodes63 Inc,Partner,Insurance,10000,64302,Normway
0012w00000LRfn6AAD,Lopez64 Inc,Customer,Consulting,10000,64303,USA
0012w00000LRfn7AAD,Reed65 Inc,Customer,Electronics,10000,64304,Brazil
0012w00000LRfn8AAD,Wells66 Inc,Customer,Apparel,10000,64305,India
0012w00000LRfn9AAD,Carpenter67 Inc,Customer,Manufacturing,10000,64306,Canada
0012w00000LRfnAAAT,Figueroa68 Inc,Customer,Engineering,10000,64910,India
0012w00000LRfshAAD,Hunt786 Inc,Customer,Electronics,8000,72110,Denmark
0012w00000LRfsiAAD,Medina787 Inc,Partner,Energy,8000,21100,Hong Kong
0012w00000LRfsjAAD,French788 Inc,Customer,Utilities,8000,72110,China
0012w00000LRfskAAD,Underwood789 Inc,Partner,Healthcare,8000,21100,India
0012w00000LRfslAAD,Keller1 Inc,Partner,Media,8000,72110,Canada
0012w00000LRfsmAAD,Herrera2 Inc,Customer,Healthcare,8000,21100,Canada
0012w00000LRfsnAAD,Burgess3 Inc,Customer,Transportation,8000,72110,Germany
0012w00000LRfsoAAD,Terry4 Inc,Partner,Engineering,8000,21100,Turkey
0012w00000LRfspAAD,Robertson5 Inc,Partner,Agriculture,8000,72110,Canada
0012w00000LRfsqAAD,Zimmerman6 Inc,Customer,Insurance,8000,47429,Thailand
0012w00000LRfsrAAD,Holmes7 Inc,Customer,Engineering,8000,61900,Korea
0012w00000LRfssAAD,Roberson8 Inc,Customer,Technology,8000,47429,Spain
0012w00000LRfstAAD,Jefferson9 Inc,Customer,Agriculture,4000,61900,Switzerland
0012w00000LRfsuAAD,Mendez10 Inc,Customer,Biotechnology,4000,47429,Canada
0012w00000LRfsvAAD,Graham11 Inc,Customer,Healthcare,4000,61900,Turkey
0012w00000LRfswAAD,Hardy12 Inc,Partner,Manufacturing,4000,47429,Canada
0012w00000LRfsxAAD,Harris13 Inc,Customer,Banking,4000,61900,Normway
0012w00000LRfsyAAD,Crawford14 Inc,Customer,Telecommunications,4000,47429,Belgium
0012w00000LRfszAAD,Hampton15 Inc,Customer,Utilities,4000,61900,United Kingdom
0012w00000LRft0AAD,Walters851 Inc,Partner,Engineering,10000,65201,Canada
0012w00000LRft1AAD,Riley852 Inc,Partner,Media,10000,65202,Russian
0012w00000LRft2AAD,Jefferson853 Inc,Customer,Insurance,10000,66210,Spain
0012w00000LRft3AAD,Richardson854 Inc,Partner,Apparel,10000,66220,Japan
0012w00000LRft4AAD,Hodges855 Inc,Customer,Retail,10000,66290,Taiwan
0012w00000LRfhJAAT,Lawrence50 Inc,Customer,Technology,500,35406,Normway
0012w00000LRfhKAAT,Walsh51 Inc,Partner,Agriculture,500,35428,Spain
0012w00000LRfhLAAT,Guzman239 Inc,Customer,Retail,500,35450,USA
0012w00000LRfhMAAT,Hampton240 Inc,Partner,Retail,500,35472,USA
0012w00000LRfhNAAT,Johnston241 Inc,Customer,Apparel,500,35494,Korea
0012w00000LRfhOAAT,Cross242 Inc,Customer,Education,500,35516,Turkey
0012w00000LRfhPAAT,Nguyen243 Inc,Customer,Manufacturing,500,35538,Turkey
0012w00000LRfhQAAT,Wise244 Inc,Customer,Agriculture,500,35560,Belgium
0012w00000LRfhRAAT,Terry245 Inc,Customer,Technology,500,35582,Canada
0012w00000LRfhSAAT,Medina246 Inc,Customer,Utilities,500,35604,Canada
0012w00000LRfhTAAT,Moore247 Inc,Customer,Retail,500,35626,USA
0012w00000LRfhUAAT,Greene248 Inc,Partner,Utilities,500,35648,Taiwan
0012w00000LRfhVAAT,Butler249 Inc,Customer,Energy,500,35670,Singapore
0012w00000LRfhWAAT,Bryant250 Inc,Customer,Biotechnology,500,35692,Spain
0012w00000LRfhXAAT,Rivera251 Inc,Customer,Finance,500,35714,USA
0012w00000LRfhYAAT,Meyer252 Inc,Customer,Finance,500,35736,Denmark
0012w00000LRfhZAAT,Phillips253 Inc,Customer,Telecommunications,500,35758,Turkey
0012w00000LRfhaAAD,Glover254 Inc,Partner,Banking,500,35780,Normway
0012w00000LRfhbAAD,Ortega255 Inc,Customer,Retail,500,35802,Canada
0012w00000LRfhcAAD,Scott708 Inc,Customer,Communications,900,59120,USA
0012w00000LRfhdAAD,Sutton709 Inc,Partner,Media,900,59131,Thailand
0012w00000LRfheAAD,Fleming710 Inc,Customer,Utilities,900,59132,Taiwan
0012w00000LRfhfAAD,Delgado711 Inc,Customer,Transportation,900,59133,USA
0012w00000LRfnBAAT,Cortez731 Inc,Customer,Banking,400,47741,Australia
0012w00000LRfnCAAT,McGuire732 Inc,Customer,Consulting,400,62011,Turkey
0012w00000LRfnDAAT,Fleming733 Inc,Partner,Agriculture,400,62090,France
0012w00000LRfnEAAT,Hopkins734 Inc,Customer,Engineering,400,18202,Switzerland
0012w00000LRfnFAAT,Jordan735 Inc,Customer,Manufacturing,400,18203,China
0012w00000LRfnGAAT,Schneider736 Inc,Customer,Engineering,400,47430,Spain
0012w00000LRfnHAAT,Sanchez737 Inc,Customer,Engineering,400,47741,Japan
0012w00000LRfnIAAT,Ferguson738 Inc,Partner,Technology,400,62011,Japan
0012w00000LRfnJAAT,Hopkins739 Inc,Customer,Education,400,62090,USA
0012w00000LRfnKAAT,Berry740 Inc,Customer,Biotechnology,400,18202,Italy
0012w00000LRfnLAAT,Grant741 Inc,Customer,Energy,400,18203,Switzerland
0012w00000LRfnMAAT,Grant742 Inc,Customer,Utilities,400,47430,Australia
0012w00000LRfnNAAT,Mitchell743 Inc,Customer,Energy,400,47741,Canada
0012w00000LRfnOAAT,Carlson744 Inc,Partner,Banking,400,62011,USA
0012w00000LRfnPAAT,Rogers895 Inc,Partner,Biotechnology,400,62090,USA
0012w00000LRfnQAAT,Maxwell896 Inc,Customer,Banking,400,18202,USA
0012w00000LRfnRAAT,Santos897 Inc,Partner,Energy,400,18203,Canada
0012w00000LRfnSAAT,James898 Inc,Customer,Manufacturing,400,47430,Canada
0012w00000LRfnTAAT,Lindsey899 Inc,Partner,Technology,400,47741,USA
0012w00000LRfnUAAT,Luna900 Inc,Customer,Energy,400,62011,USA
0012w00000LRfnVAAT,Holt901 Inc,Customer,Technology,400,62090,Spain
0012w00000LRfnWAAT,Dean902 Inc,Customer,Education,400,18202,Australia
0012w00000LRfnXAAT,Elliott903 Inc,Customer,Media,400,47421,Belgium
0012w00000LRfnYAAT,Mann904 Inc,Customer,Transportation,400,47429,USA
0012w00000LRft5AAD,Goodwin856 Inc,Partner,Consulting,10000,65110,Canada
0012w00000LRft6AAD,Johnston857 Inc,Customer,Utilities,10000,65120,Denmark
0012w00000LRft7AAD,Cross858 Inc,Customer,Energy,10000,65201,Canada
0012w00000LRft8AAD,Jefferson859 Inc,Partner,Apparel,10000,65202,Switzerland
0012w00000LRft9AAD,Stone860 Inc,Customer,Biotechnology,10000,66210,Canada
0012w00000LRftAAAT,Murphy861 Inc,Partner,Communications,10000,66220,Normway
0012w00000LRftBAAT,Rodgers862 Inc,Customer,Communications,10000,66290,Canada
0012w00000LRftCAAT,Payne863 Inc,Partner,Transportation,10000,65110,United Kingdom
0012w00000LRftDAAT,Estrada864 Inc,Partner,Retail,10000,65120,USA
0012w00000LRftEAAT,McDonald865 Inc,Customer,Biotechnology,10000,65201,Japan
0012w00000LRftFAAT,Tran866 Inc,Customer,Energy,10000,65202,India
0012w00000LRftGAAT,Riley867 Inc,Partner,Utilities,10000,66210,Switzerland
0012w00000LRftHAAT,Herrera868 Inc,Customer,Utilities,10000,66220,Australia
0012w00000LRftIAAT,Joseph988 Inc,Customer,Energy,10000,66290,USA
0012w00000LRftJAAT,Hogan989 Inc,Customer,Transportation,10000,65110,Canada
0012w00000LRftKAAT,West990 Inc,Customer,Healthcare,10000,65120,Sweden
0012w00000LRftLAAT,Adams991 Inc,Customer,Energy,10000,65201,France
0012w00000LRftMAAT,Allison992 Inc,Partner,Media,10000,65202,Japan
0012w00000LRftNAAT,Singleton993 Inc,Customer,Banking,10000,66210,Sweden
0012w00000LRftOAAT,Santiago946 Inc,Customer,Consulting,1100,35220,Normway
0012w00000LRftPAAT,Acme,Partner,Manufacturing,1100,36000,USA
0012w00000LRftQAAT,Global Media,Customer,Media,1100,38110,Canada
0012w00000LRftRAAT,Parker16 Inc,Partner,Energy,4000,47429,USA
0012w00000LRftSAAT,Garza17 Inc,Partner,Energy,4000,61900,Canada
0012w00000LRftTAAT,Ferguson18 Inc,Partner,Transportation,4000,47429,Canada
0012w00000LRfhgAAD,Grant712 Inc,Customer,Insurance,900,18110,Japan
0012w00000LRfhhAAD,Hernandez713 Inc,Customer,Banking,900,58130,India
0012w00000LRfhiAAD,Carson714 Inc,Customer,Energy,900,58190,United Kingdom
0012w00000LRfhjAAD,Bradley715 Inc,Customer,Insurance,900,59111,USA
0012w00000LRfhkAAD,Fowler716 Inc,Customer,Education,900,59112,Hong Kong
0012w00000LRfhlAAD,Hart717 Inc,Customer,Healthcare,900,59113,USA
0012w00000LRfhmAAD,Vega718 Inc,Customer,Energy,900,59120,USA
0012w00000LRfhnAAD,Chambers869 Inc,Customer,Engineering,900,59131,Brazil
0012w00000LRfhoAAD,Aguilar870 Inc,Customer,Media,900,59132,Russian
0012w00000LRfhpAAD,Gomez871 Inc,Customer,Utilities,900,59133,USA
0012w00000LRfhqAAD,Owen872 Inc,Customer,Engineering,900,18110,Sweden
0012w00000LRfhrAAD,Shelton873 Inc,Partner,Engineering,900,58130,Canada
0012w00000LRfhsAAD,Erickson874 Inc,Customer,Media,900,58190,USA
0012w00000LRfhtAAD,Sparks875 Inc,Customer,Engineering,900,59111,China
0012w00000LRfhuAAD,Alvarez876 Inc,Customer,Energy,900,59112,China
0012w00000LRfhvAAD,Norton877 Inc,Customer,Consulting,900,59113,Canada
0012w00000LRfhwAAD,Barber878 Inc,Partner,Consulting,900,59120,USA
0012w00000LRfhxAAD,Hoffman879 Inc,Customer,Manufacturing,900,59131,Australia
0012w00000LRfhyAAD,Wallace880 Inc,Customer,Manufacturing,900,59132,USA
0012w00000LRfhzAAD,Hawkins881 Inc,Partner,Apparel,900,59133,USA
0012w00000LRfi0AAD,Bush882 Inc,Partner,Manufacturing,900,18110,Denmark
0012w00000LRfi1AAD,Nash127 Inc,Customer,Transportation,5000,1629,Japan
0012w00000LRfi2AAD,Morton128 Inc,Customer,Transportation,5000,2400,Japan
0012w00000LRfi3AAD,Cruz129 Inc,Customer,Agriculture,5000,3220,Korea
0012w00000LRfnZAAT,Park905 Inc,Customer,Technology,400,61100,Japan
0012w00000LRfnaAAD,Pittman399 Inc,Customer,Manufacturing,8000,74100,USA
0012w00000LRfnbAAD,Owens400 Inc,Customer,Telecommunications,8000,47710,USA
0012w00000LRfncAAD,Tucker401 Inc,Customer,Communications,8000,47721,Japan
0012w00000LRfndAAD,Briggs402 Inc,Customer,Finance,8000,47722,Taiwan
0012w00000LRfneAAD,Scott403 Inc,Partner,Agriculture,8000,74100,USA
0012w00000LRfnfAAD,Watson404 Inc,Customer,Agriculture,8000,47710,Brazil
0012w00000LRfngAAD,Henry405 Inc,Customer,Energy,8000,47721,United Kingdom
0012w00000LRfnhAAD,Gordon406 Inc,Customer,Engineering,8000,47722,Denmark
0012w00000LRfniAAD,Oliver407 Inc,Customer,Utilities,8000,74100,Brazil
0012w00000LRfnjAAD,Myers408 Inc,Partner,Technology,8000,64191,USA
0012w00000LRfnkAAD,Gonzales409 Inc,Customer,Engineering,8000,64192,Denmark
0012w00000LRfnlAAD,Myers581 Inc,Customer,Consulting,8000,64205,Canada
0012w00000LRfnmAAD,Flores582 Inc,Partner,Technology,8000,64929,USA
0012w00000LRfnnAAD,Schultz583 Inc,Partner,Apparel,8000,64991,Sweden
0012w00000LRfnoAAD,Brewer398 Inc,Customer,Media,8000,47722,Canada
0012w00000LRfnpAAD,Guerrero584 Inc,Customer,Banking,8000,66110,Thailand
0012w00000LRfnqAAD,Gill585 Inc,Customer,Finance,8000,64191,Russian
0012w00000LRfnrAAD,McCoy586 Inc,Customer,Technology,8000,64192,USA
0012w00000LRfnsAAD,Griffin587 Inc,Customer,Communications,8000,64205,Korea
0012w00000LRfntAAD,Owens588 Inc,Customer,Transportation,8000,64929,Germany
0012w00000LRfnuAAD,Jackson589 Inc,Customer,Consulting,8000,64991,Taiwan
0012w00000LRfnvAAD,Perez590 Inc,Customer,Retail,8000,66110,USA
0012w00000LRfnwAAD,Klein591 Inc,Customer,Biotechnology,8000,64191,Korea
0012w00000LRfnxAAD,Sharp69 Inc,Customer,Electronics,10000,64992,USA
0012w00000LRftUAAT,Bailey19 Inc,Customer,Biotechnology,4000,61900,USA
0012w00000LRftVAAT,Vega20 Inc,Customer,Utilities,4000,47429,Korea
0012w00000LRftWAAT,Goodman21 Inc,Customer,Apparel,4000,61900,Germany
0012w00000LRftXAAT,Austin22 Inc,Customer,Media,4000,47429,Canada
0012w00000LRftYAAT,Byrd23 Inc,Customer,Education,4000,61900,Canada
0012w00000LRftZAAT,Lindsey24 Inc,Customer,Energy,4000,47429,Italy
0012w00000LRftaAAD,Lopez215 Inc,Customer,Communications,4000,61900,Hong Kong
0012w00000LRftbAAD,Tate216 Inc,Partner,Insurance,4000,47429,Canada
0012w00000LRftcAAD,Ingram217 Inc,Partner,Biotechnology,4000,61900,Canada
0012w00000LRftdAAD,Lopez218 Inc,Customer,Media,4000,47429,USA
0012w00000LRfteAAD,Becker219 Inc,Customer,Consulting,4000,61900,Australia
0012w00000LRftfAAD,Cummings220 Inc,Customer,Utilities,4000,47429,USA
0012w00000LRftgAAD,Harmon221 Inc,Customer,Media,4000,61900,Canada
0012w00000LRfthAAD,Singleton222 Inc,Customer,Energy,4000,85600,USA
0012w00000LRftiAAD,Barber223 Inc,Customer,Education,4000,2400,Russian
0012w00000LRftjAAD,Silva224 Inc,Customer,Banking,4000,85600,Brazil
0012w00000LRftkAAD,Delgado225 Inc,Partner,Banking,4000,2400,United Kingdom
0012w00000LRftlAAD,Simmons226 Inc,Customer,Media,4000,85600,China
0012w00000LRftmAAD,Gomez227 Inc,Customer,Media,4000,2400,United Kingdom
0012w00000LRftnAAD,Martinez228 Inc,Customer,Retail,4000,85600,USA
0012w00000LRftoAAD,Vaughn229 Inc,Partner,Banking,4000,2400,USA
0012w00000LRftpAAD,Hall230 Inc,Partner,Apparel,4000,85600,Canada
0012w00000LRftqAAD,Obrien994 Inc,Customer,Agriculture,10000,66220,USA
0012w00000LRfi4AAD,Jennings130 Inc,Customer,Apparel,5000,1610,Switzerland
0012w00000LRfi5AAD,Rodgers131 Inc,Customer,Manufacturing,5000,1629,Italy
0012w00000LRfi6AAD,Cobb132 Inc,Customer,Apparel,5000,2400,Taiwan
0012w00000LRfi7AAD,Johnston133 Inc,Customer,Technology,5000,3220,USA
0012w00000LRfi8AAD,Nichols134 Inc,Customer,Finance,5000,1610,Canada
0012w00000LRfi9AAD,Larson135 Inc,Customer,Manufacturing,5000,1629,Hong Kong
0012w00000LRfiAAAT,Thompson136 Inc,Customer,Energy,5000,2400,Thailand
0012w00000LRfiBAAT,Ramirez137 Inc,Customer,Electronics,5000,3220,Japan
0012w00000LRfiCAAT,Peters138 Inc,Customer,Retail,5000,1610,Spain
0012w00000LRfiDAAT,Bates126 Inc,Partner,Healthcare,5000,1610,Korea
0012w00000LRfiEAAT,Pope139 Inc,Partner,Transportation,5000,1629,USA
0012w00000LRfiFAAT,Lopez140 Inc,Customer,Energy,5000,2400,China
0012w00000LRfiGAAT,Daniels141 Inc,Customer,Utilities,5000,3220,Germany
0012w00000LRfiHAAT,Underwood142 Inc,Customer,Energy,5000,1610,Canada
0012w00000LRfiIAAT,McKenzie143 Inc,Customer,Media,5000,1629,Italy
0012w00000LRfiJAAT,Quinn144 Inc,Customer,Engineering,5000,2400,Brazil
0012w00000LRfiKAAT,Newman145 Inc,Customer,Insurance,5000,3220,Canada
0012w00000LRfiLAAT,Knight146 Inc,Customer,Energy,5000,1610,USA
0012w00000LRfiMAAT,Graves147 Inc,Customer,Biotechnology,5000,1629,USA
0012w00000LRfiNAAT,Thomas148 Inc,Customer,Biotechnology,5000,2400,Japan
0012w00000LRfiOAAT,Colon149 Inc,Partner,Insurance,5000,3220,Taiwan
0012w00000LRfiPAAT,Love256 Inc,Customer,Energy,500,35824,Canada
0012w00000LRfiQAAT,Salazar257 Inc,Customer,Manufacturing,500,35846,Germany
0012w00000LRfiRAAT,Patrick258 Inc,Customer,Biotechnology,500,35868,USA
0012w00000LRftrAAD,McKinney995 Inc,Customer,Education,10000,66290,USA
0012w00000LRftsAAD,Hall996 Inc,Customer,Apparel,10000,65110,France
0012w00000LRfttAAD,Paul997 Inc,Partner,Technology,10000,65120,Canada
0012w00000LRftuAAD,Curry998 Inc,Partner,Banking,10000,65201,Thailand
0012w00000LRftvAAD,Riley999 Inc,Customer,Energy,10000,65202,Japan
0012w00000LRftwAAD,Alvarez72 Inc,Customer,Technology,10000,66210,India
0012w00000LRftxAAD,Price73 Inc,Customer,Engineering,10000,66220,Canada
0012w00000LRftyAAD,Wood74 Inc,Customer,Engineering,10000,66290,Canada
0012w00000LRftzAAD,Brock75 Inc,Customer,Apparel,10000,30200,Thailand
0012w00000LRfu0AAD,Watts76 Inc,Customer,Manufacturing,10000,30300,Japan
0012w00000LRfu1AAD,Norris77 Inc,Customer,Banking,10000,30400,Sweden
0012w00000LRfu2AAD,Evans78 Inc,Partner,Retail,10000,30910,Italy
0012w00000LRfu3AAD,Rodgers79 Inc,Partner,Banking,10000,33120,USA
0012w00000LRfu4AAD,Stokes80 Inc,Customer,Technology,10000,30200,Switzerland
0012w00000LRfu5AAD,Lane81 Inc,Customer,Engineering,10000,30300,Canada
0012w00000LRfu6AAD,Flowers82 Inc,Partner,Biotechnology,10000,30400,Normway
0012w00000LRfu7AAD,Gray83 Inc,Customer,Apparel,10000,30910,Thailand
0012w00000LRfu8AAD,Santos84 Inc,Partner,Apparel,10000,33120,Canada
0012w00000LRfu9AAD,Henry85 Inc,Customer,Banking,10000,30200,United Kingdom
0012w00000LRfuAAAT,Patton86 Inc,Customer,Finance,10000,30300,USA
0012w00000LRfuBAAT,Webster87 Inc,Customer,Retail,10000,30400,Australia
0012w00000LRfuCAAT,Hunter88 Inc,Customer,Apparel,10000,30910,Hong Kong
0012w00000LRfuDAAT,Bowers89 Inc,Customer,Banking,10000,33120,Canada
0012w00000LRfuEAAT,Webb232 Inc,Customer,Media,4000,85600,Thailand
0012w00000LRfuFAAT,Meyer233 Inc,Partner,Finance,4000,2400,Canada
0012w00000LRfiSAAT,Wells259 Inc,Customer,Engineering,500,35890,USA
0012w00000LRfiTAAT,Dawson260 Inc,Customer,Media,500,35912,USA
0012w00000LRfiUAAT,Holloway261 Inc,Customer,Apparel,500,35934,China
0012w00000LRfiVAAT,Estrada262 Inc,Customer,Insurance,500,35956,USA
0012w00000LRfiWAAT,Beck462 Inc,Customer,Biotechnology,500,35978,USA
0012w00000LRfiXAAT,Hill463 Inc,Customer,Telecommunications,500,36000,USA
0012w00000LRfiYAAT,Maldonado464 Inc,Customer,Technology,500,36022,Canada
0012w00000LRfiZAAT,Figueroa465 Inc,Customer,Transportation,500,36044,Singapore
0012w00000LRfiaAAD,Porter466 Inc,Partner,Biotechnology,500,36066,Canada
0012w00000LRfibAAD,McDaniel467 Inc,Customer,Biotechnology,500,36088,Japan
0012w00000LRficAAD,Edwards468 Inc,Partner,Biotechnology,500,36110,Canada
0012w00000LRfidAAD,Cobb469 Inc,Customer,Transportation,500,36132,USA
0012w00000LRfieAAD,Moore470 Inc,Customer,Electronics,500,36154,Switzerland
0012w00000LRfifAAD,Holloway471 Inc,Partner,Biotechnology,500,36176,Normway
0012w00000LRfigAAD,Padilla472 Inc,Customer,Consulting,500,36198,Canada
0012w00000LRfihAAD,Cross473 Inc,Customer,Retail,500,36220,India
0012w00000LRfiiAAD,Bridges474 Inc,Partner,Technology,500,36242,France
0012w00000LRfnyAAD,Harper70 Inc,Partner,Education,10000,64999,Denmark
0012w00000LRfnzAAD,Reese71 Inc,Partner,Insurance,10000,64209,Mexico
0012w00000LRfo0AAD,Bennett906 Inc,Partner,Technology,400,61200,Japan
0012w00000LRfo1AAD,Adkins907 Inc,Customer,Transportation,400,61300,USA
0012w00000LRfo2AAD,Sharp908 Inc,Customer,Banking,400,61900,USA
0012w00000LRfo3AAD,Carson909 Inc,Customer,Technology,400,47421,Canada
0012w00000LRfo4AAD,Davis910 Inc,Customer,Communications,400,47429,USA
0012w00000LRfo5AAD,Ferguson911 Inc,Customer,Technology,400,61100,Normway
0012w00000LRfo6AAD,Robinson912 Inc,Customer,Biotechnology,400,61200,Canada
0012w00000LRfo7AAD,Richards913 Inc,Customer,Electronics,400,61300,Canada
0012w00000LRfo8AAD,Ingram914 Inc,Customer,Media,400,61900,Taiwan
0012w00000LRfo9AAD,Dixon915 Inc,Customer,Biotechnology,400,47421,Denmark
0012w00000LRfoAAAT,Mullins916 Inc,Partner,Engineering,400,47429,Japan
0012w00000LRfoBAAT,Malone917 Inc,Partner,Agriculture,400,61100,Canada
0012w00000LRfoCAAT,Walters918 Inc,Partner,Consulting,400,61200,Denmark
0012w00000LRfoDAAT,Love919 Inc,Customer,Apparel,400,61300,Normway
0012w00000LRfoEAAT,Griffin920 Inc,Customer,Biotechnology,400,61900,USA
0012w00000LRfoFAAT,Cunningham337 Inc,Customer,Retail,400,47421,Hong Kong
0012w00000LRfoGAAT,Byrd338 Inc,Customer,Engineering,400,47429,Spain
0012w00000LRfoHAAT,Poole339 Inc,Customer,Technology,400,61100,Singapore
0012w00000LRfoIAAT,Stone592 Inc,Customer,Banking,8000,64192,Japan
0012w00000LRfoJAAT,Yates593 Inc,Customer,Engineering,8000,64205,Japan
0012w00000LRfoKAAT,Benson594 Inc,Customer,Energy,8000,64929,USA
0012w00000LRfoLAAT,Mendez595 Inc,Partner,Banking,8000,64991,USA
0012w00000LRfoMAAT,Chambers596 Inc,Partner,Biotechnology,8000,66110,Brazil
0012w00000LRfuGAAT,Fletcher234 Inc,Partner,Manufacturing,4000,85600,Italy
0012w00000LRfuHAAT,McGee235 Inc,Partner,Manufacturing,4000,2400,Canada
0012w00000LRfuIAAT,Alvarado236 Inc,Customer,Biotechnology,4000,85600,Canada
0012w00000LRfuJAAT,Perez237 Inc,Partner,Utilities,4000,2400,Canada
0012w00000LRfuKAAT,Taylor238 Inc,Customer,Manufacturing,4000,85600,Canada
0012w00000LRfuLAAT,Reeves436 Inc,Customer,Technology,4000,2400,Russian
0012w00000LRfuMAAT,Nguyen437 Inc,Partner,Healthcare,4000,85600,Japan
0012w00000LRfuNAAT,Williams438 Inc,Customer,Media,4000,2400,United Kingdom
0012w00000LRfuOAAT,Rivera439 Inc,Partner,Media,4000,85600,Japan
0012w00000LRfuPAAT,Parks231 Inc,Customer,Education,4000,2400,Hong Kong
0012w00000LRfuQAAT,Mann440 Inc,Customer,Electronics,4000,2400,USA
0012w00000LRfuRAAT,Owens441 Inc,Customer,Agriculture,4000,85600,Thailand
0012w00000LRfuSAAT,Robinson442 Inc,Partner,Retail,4000,2400,Canada
0012w00000LRfuTAAT,James443 Inc,Partner,Manufacturing,4000,85600,Canada
0012w00000LRfuUAAT,Oliver444 Inc,Customer,Energy,4000,2400,Canada
0012w00000LRfuVAAT,Norton445 Inc,Customer,Utilities,4000,85600,Japan
0012w00000LRfuWAAT,Benson446 Inc,Customer,Apparel,4000,2400,Belgium
0012w00000LRfuXAAT,Beck447 Inc,Customer,Technology,4000,85600,Canada
0012w00000LRfuYAAT,Myers448 Inc,Customer,Technology,4000,2400,Normway
0012w00000LRfuZAAT,Robbins449 Inc,Customer,Engineering,4000,85600,Taiwan
0012w00000LRfuaAAD,Cox450 Inc,Customer,Electronics,4000,2400,USA
0012w00000LRfubAAD,Collins451 Inc,Customer,Healthcare,4000,85600,USA
0012w00000LRfucAAD,Lambert452 Inc,Customer,Utilities,4000,2400,Thailand
0012w00000LRfudAAD,Robbins92 Inc,Partner,Consulting,10000,30400,Canada
0012w00000LRfueAAD,Lawrence93 Inc,Customer,Manufacturing,10000,30910,USA
0012w00000LRfijAAD,Chapman475 Inc,Partner,Media,500,36264,Singapore
0012w00000LRfikAAD,Hunt476 Inc,Customer,Finance,500,36286,Canada
0012w00000LRfilAAD,Stanley477 Inc,Partner,Engineering,500,36308,Japan
0012w00000LRfimAAD,Schmidt478 Inc,Customer,Technology,500,36330,Korea
0012w00000LRfinAAD,Bowman479 Inc,Customer,Manufacturing,1000,36352,Denmark
0012w00000LRfioAAD,Goodman883 Inc,Partner,Energy,900,58130,Italy
0012w00000LRfipAAD,Stevenson884 Inc,Customer,Education,900,58190,Sweden
0012w00000LRfiqAAD,Banks885 Inc,Customer,Transportation,900,59111,Canada
0012w00000LRfirAAD,Bailey886 Inc,Customer,Electronics,900,59112,USA
0012w00000LRfisAAD,McKenzie887 Inc,Customer,Media,900,59113,Canada
0012w00000LRfitAAD,Alvarez888 Inc,Partner,Biotechnology,900,59120,Thailand
0012w00000LRfiuAAD,Carr889 Inc,Customer,Communications,900,59131,Canada
0012w00000LRfivAAD,Brock890 Inc,Customer,Transportation,900,59132,India
0012w00000LRfiwAAD,Henderson891 Inc,Customer,Banking,900,59133,Thailand
0012w00000LRfixAAD,Christensen892 Inc,Customer,Healthcare,900,47110,Canada
0012w00000LRfiyAAD,Bailey893 Inc,Customer,Electronics,900,47190,Canada
0012w00000LRfizAAD,Beck894 Inc,Customer,Agriculture,900,47250,United Kingdom
0012w00000LRfj0AAD,King97 Inc,Customer,Finance,900,47591,Taiwan
0012w00000LRfj1AAD,Chandler98 Inc,Partner,Insurance,900,47640,Canada
0012w00000LRfj2AAD,Parks99 Inc,Partner,Manufacturing,900,47650,USA
0012w00000LRfj3AAD,Floyd100 Inc,Customer,Healthcare,900,47750,Australia
0012w00000LRfj4AAD,Love101 Inc,Customer,Manufacturing,900,47781,Hong Kong
0012w00000LRfj5AAD,Ruiz102 Inc,Customer,Agriculture,900,47910,Canada
0012w00000LRfj6AAD,Ortega103 Inc,Customer,Biotechnology,900,47110,Canada
0012w00000LRfj7AAD,Moran104 Inc,Customer,Energy,900,47190,USA
0012w00000LRfoNAAT,Bishop597 Inc,Customer,Agriculture,8000,64191,United Kingdom
0012w00000LRfoOAAT,Black598 Inc,Partner,Manufacturing,8000,64192,Japan
0012w00000LRfoPAAT,Joseph599 Inc,Customer,Energy,8000,64205,USA
0012w00000LRfoQAAT,Hopkins600 Inc,Partner,Telecommunications,8000,64929,France
0012w00000LRfoRAAT,Rios771 Inc,Partner,Engineering,8000,64991,India
0012w00000LRfoSAAT,Rice189 Inc,Customer,Transportation,8000,66110,Belgium
0012w00000LRfoTAAT,Diaz190 Inc,Customer,Finance,8000,64191,Normway
0012w00000LRfoUAAT,Houston191 Inc,Customer,Energy,8000,64192,Canada
0012w00000LRfoVAAT,Lee192 Inc,Customer,Engineering,8000,64205,Mexico
0012w00000LRfoWAAT,Curtis193 Inc,Customer,Retail,8000,64929,USA
0012w00000LRfoXAAT,Jensen194 Inc,Customer,Communications,8000,64991,Japan
0012w00000LRfoYAAT,Harris195 Inc,Partner,Transportation,8000,66110,Switzerland
0012w00000LRfoZAAT,Vasquez196 Inc,Customer,Utilities,8000,64191,Taiwan
0012w00000LRfoaAAD,Webster197 Inc,Customer,Communications,8000,64192,Japan
0012w00000LRfobAAD,Perkins198 Inc,Customer,Transportation,8000,64205,Normway
0012w00000LRfocAAD,Montgomery199 Inc,Customer,Transportation,8000,64929,Normway
0012w00000LRfodAAD,Stokes200 Inc,Partner,Insurance,8000,64991,Italy
0012w00000LRfoeAAD,Austin201 Inc,Customer,Technology,8000,66110,Russian
0012w00000LRfofAAD,Leonard263 Inc,Customer,Insurance,10000,64301,USA
0012w00000LRfogAAD,Hansen264 Inc,Customer,Telecommunications,10000,64302,Canada
0012w00000LRfohAAD,Fields265 Inc,Partner,Telecommunications,10000,64303,Mexico
0012w00000LRfoiAAD,Beck266 Inc,Partner,Communications,10000,64304,Canada
0012w00000LRfojAAD,Daniels267 Inc,Partner,Media,10000,64305,Hong Kong
0012w00000LRfufAAD,Sherman94 Inc,Partner,Engineering,10000,33120,Canada
0012w00000LRfugAAD,Dean95 Inc,Customer,Banking,10000,30200,USA
0012w00000LRfuhAAD,Webb96 Inc,Partner,Retail,10000,30300,Australia
0012w00000LRfuiAAD,Woods287 Inc,Customer,Insurance,10000,30400,Australia
0012w00000LRfujAAD,Coleman288 Inc,Customer,Engineering,10000,30910,India
0012w00000LRfukAAD,Schmidt289 Inc,Customer,Manufacturing,10000,33120,Japan
0012w00000LRfulAAD,Garrett290 Inc,Customer,Engineering,10000,30200,Japan
0012w00000LRfumAAD,Pena291 Inc,Customer,Apparel,10000,30300,Australia
0012w00000LRfunAAD,Gill292 Inc,Customer,Apparel,10000,30400,Mexico
0012w00000LRfuoAAD,Marsh293 Inc,Customer,Transportation,10000,30910,United Kingdom
0012w00000LRfupAAD,Gordon294 Inc,Customer,Engineering,10000,33120,Canada
0012w00000LRfuqAAD,Steele90 Inc,Customer,Transportation,10000,30200,Normway
0012w00000LRfurAAD,Leonard91 Inc,Customer,Biotechnology,10000,30300,USA
0012w00000LRfusAAD,Holt295 Inc,Customer,Education,10000,30200,Spain
0012w00000LRfutAAD,Gill296 Inc,Partner,Energy,10000,30300,Mexico
0012w00000LRfuuAAD,Mills297 Inc,Partner,Healthcare,10000,30400,Japan
0012w00000LRfuvAAD,Reynolds298 Inc,Customer,Consulting,10000,30910,USA
0012w00000LRfuwAAD,Evans299 Inc,Partner,Technology,10000,33120,Turkey
0012w00000LRfuxAAD,Moran300 Inc,Customer,Healthcare,10000,30200,Italy
0012w00000LRfuyAAD,Long301 Inc,Customer,Healthcare,10000,30300,Canada
0012w00000LRfuzAAD,McDaniel302 Inc,Customer,Education,10000,30400,USA
0012w00000LRfv0AAD,Christensen303 Inc,Customer,Insurance,10000,30910,Japan
0012w00000LRfv1AAD,Phelps304 Inc,Customer,Apparel,10000,33120,Singapore
0012w00000LRfv2AAD,Paul453 Inc,Customer,Transportation,4000,85600,China
0012w00000LRfj8AAD,Nichols105 Inc,Partner,Engineering,900,47250,Sweden
0012w00000LRfj9AAD,Byrd106 Inc,Customer,Consulting,900,47591,Australia
0012w00000LRfjAAAT,Hines107 Inc,Customer,Energy,900,47640,USA
0012w00000LRfjBAAT,Dixon108 Inc,Customer,Retail,900,47650,Thailand
0012w00000LRfjCAAT,Warner109 Inc,Customer,Media,900,47750,USA
0012w00000LRfjDAAT,Salazar150 Inc,Customer,Utilities,5000,1610,United Kingdom
0012w00000LRfjEAAT,McGuire151 Inc,Customer,Transportation,5000,1629,Russian
0012w00000LRfjFAAT,Butler152 Inc,Partner,Electronics,5000,2400,Canada
0012w00000LRfjGAAT,Allen481 Inc,Customer,Technology,1000,36396,USA
0012w00000LRfjHAAT,Guzman482 Inc,Partner,Finance,1000,36418,Canada
0012w00000LRfjIAAT,Long647 Inc,Customer,Healthcare,1000,36440,Hong Kong
0012w00000LRfjJAAT,Soto648 Inc,Customer,Agriculture,1000,36462,Canada
0012w00000LRfjKAAT,Martinez649 Inc,Partner,Apparel,1000,36484,Germany
0012w00000LRfjLAAT,Cummings650 Inc,Customer,Energy,1000,36506,Japan
0012w00000LRfjMAAT,Hines651 Inc,Customer,Technology,1000,36528,Korea
0012w00000LRfjNAAT,Colon652 Inc,Customer,Banking,1000,36550,USA
0012w00000LRfjOAAT,Warren653 Inc,Partner,Retail,1000,36572,France
0012w00000LRfjPAAT,Fleming654 Inc,Partner,Insurance,1000,36594,USA
0012w00000LRfjQAAT,Dixon655 Inc,Customer,Insurance,1000,36616,Spain
0012w00000LRfjRAAT,Russell656 Inc,Customer,Agriculture,1000,36638,Belgium
0012w00000LRfjSAAT,Moss480 Inc,Partner,Engineering,1000,36374,USA
0012w00000LRfjTAAT,Benson657 Inc,Customer,Communications,1000,36660,USA
0012w00000LRfjUAAT,McDonald658 Inc,Customer,Agriculture,1000,36682,China
0012w00000LRfjVAAT,Long659 Inc,Partner,Apparel,1000,36704,USA
0012w00000LRfokAAD,Clarke268 Inc,Customer,Education,10000,64306,Canada
0012w00000LRfolAAD,Anderson269 Inc,Customer,Biotechnology,10000,64910,Switzerland
0012w00000LRfomAAD,Elliott270 Inc,Partner,Engineering,10000,64992,Switzerland
0012w00000LRfonAAD,Bass271 Inc,Customer,Agriculture,10000,64999,Korea
0012w00000LRfooAAD,Cruz272 Inc,Customer,Insurance,10000,64209,USA
0012w00000LRfopAAD,Harper273 Inc,Partner,Manufacturing,10000,64301,Japan
0012w00000LRfoqAAD,Adkins274 Inc,Customer,Finance,10000,64302,USA
0012w00000LRforAAD,Lopez275 Inc,Customer,Engineering,10000,64303,Switzerland
0012w00000LRfosAAD,Hawkins276 Inc,Customer,Insurance,10000,64304,Switzerland
0012w00000LRfotAAD,Dawson277 Inc,Customer,Manufacturing,10000,64305,Japan
0012w00000LRfouAAD,Douglas278 Inc,Partner,Agriculture,10000,64306,Mexico
0012w00000LRfovAAD,Harrison279 Inc,Partner,Retail,10000,86101,Australia
0012w00000LRfowAAD,George280 Inc,Customer,Agriculture,10000,86102,USA
0012w00000LRfoxAAD,Massey340 Inc,Customer,Manufacturing,400,61200,Italy
0012w00000LRfoyAAD,Garza341 Inc,Customer,Media,400,61300,India
0012w00000LRfozAAD,Simpson342 Inc,Customer,Media,400,61900,Canada
0012w00000LRfp0AAD,Shaw343 Inc,Customer,Insurance,400,47421,Canada
0012w00000LRfp1AAD,Clayton344 Inc,Customer,Manufacturing,400,47429,USA
0012w00000LRfp2AAD,Armstrong345 Inc,Customer,Technology,400,61100,Denmark
0012w00000LRfp3AAD,Benson346 Inc,Customer,Technology,400,61200,China
0012w00000LRfp4AAD,Bowman347 Inc,Customer,Education,400,61300,USA
0012w00000LRfp5AAD,Arnold348 Inc,Partner,Retail,400,61900,Mexico
0012w00000LRfp6AAD,Webster349 Inc,Customer,Manufacturing,400,47421,USA
0012w00000LRfp7AAD,Weaver350 Inc,Partner,Technology,400,77341,Turkey
0012w00000LRfp8AAD,Vasquez351 Inc,Customer,Biotechnology,400,77351,Singapore
0012w00000LRfv3AAD,Bush454 Inc,Partner,Finance,4000,85100,Normway
0012w00000LRfv4AAD,Holloway455 Inc,Customer,Agriculture,4000,85200,Italy
0012w00000LRfv5AAD,Bryant456 Inc,Partner,Electronics,4000,85310,Taiwan
0012w00000LRfv6AAD,Romero457 Inc,Partner,Energy,4000,85320,USA
0012w00000LRfv7AAD,Summers458 Inc,Customer,Electronics,4000,85410,Canada
0012w00000LRfv8AAD,Copeland459 Inc,Customer,Consulting,4000,85421,Japan
0012w00000LRfv9AAD,Bowers460 Inc,Partner,Banking,4000,85422,Belgium
0012w00000LRfvAAAT,Rodgers461 Inc,Partner,Retail,4000,85100,USA
0012w00000LRfvBAAT,Boone625 Inc,Customer,Media,4000,85200,Singapore
0012w00000LRfvCAAT,Rodriquez626 Inc,Customer,Insurance,4000,85310,USA
0012w00000LRfvDAAT,Hale627 Inc,Customer,Electronics,4000,85320,USA
0012w00000LRfvEAAT,Stokes628 Inc,Customer,Telecommunications,4000,85410,India
0012w00000LRfvFAAT,Edwards629 Inc,Customer,Electronics,4000,85421,India
0012w00000LRfjWAAT,Hicks660 Inc,Customer,Electronics,1000,36726,USA
0012w00000LRfjXAAT,Bass661 Inc,Partner,Agriculture,1000,36748,USA
0012w00000LRfjYAAT,Nichols662 Inc,Partner,Manufacturing,1000,36770,Singapore
0012w00000LRfjZAAT,Simmons663 Inc,Partner,Energy,1000,43290,Thailand
0012w00000LRfjaAAD,Palmer664 Inc,Customer,Retail,1000,46610,Belgium
0012w00000LRfjbAAD,Woods665 Inc,Partner,Manufacturing,1000,46620,Australia
0012w00000LRfjcAAD,Higgins666 Inc,Customer,Media,1000,46630,Normway
0012w00000LRfjdAAD,Newman667 Inc,Customer,Apparel,1000,46640,Japan
0012w00000LRfjeAAD,Rogers668 Inc,Partner,Finance,1000,46690,Brazil
0012w00000LRfjfAAD,Cannon111 Inc,Customer,Finance,900,47910,Italy
0012w00000LRfjgAAD,Schultz112 Inc,Partner,Technology,900,47110,USA
0012w00000LRfjhAAD,Pittman113 Inc,Customer,Manufacturing,900,47190,Canada
0012w00000LRfjiAAD,Ramsey114 Inc,Customer,Manufacturing,900,47250,Canada
0012w00000LRfjjAAD,Parks115 Inc,Customer,Apparel,900,47591,India
0012w00000LRfjkAAD,Guzman116 Inc,Customer,Retail,900,47640,Mexico
0012w00000LRfjlAAD,Cook117 Inc,Customer,Energy,900,47650,Thailand
0012w00000LRfjmAAD,Webster118 Inc,Partner,Engineering,900,47750,Canada
0012w00000LRfjnAAD,Francis119 Inc,Customer,Healthcare,900,47781,Turkey
0012w00000LRfjoAAD,Jackson120 Inc,Customer,Consulting,900,47910,Sweden
0012w00000LRfjpAAD,Malone121 Inc,Customer,Biotechnology,900,47110,United Kingdom
0012w00000LRfjqAAD,Hansen313 Inc,Customer,Technology,900,47190,Italy
0012w00000LRfjrAAD,Medina110 Inc,Customer,Banking,900,47781,Normway
0012w00000LRfjsAAD,Cook314 Inc,Customer,Utilities,900,47250,USA
0012w00000LRfjtAAD,Malone315 Inc,Customer,Engineering,900,47591,Russian
0012w00000LRfjuAAD,Page316 Inc,Customer,Engineering,900,47640,USA
0012w00000LRfp9AAD,Lowe352 Inc,Customer,Consulting,400,77352,Japan
0012w00000LRfpAAAT,Jensen353 Inc,Customer,Transportation,400,80100,Japan
0012w00000LRfpBAAT,Franklin354 Inc,Customer,Telecommunications,400,49100,USA
0012w00000LRfpCAAT,Freeman355 Inc,Customer,Technology,400,49200,Canada
0012w00000LRfpDAAT,Bennett356 Inc,Customer,Insurance,400,49311,USA
0012w00000LRfpEAAT,Stewart357 Inc,Customer,Consulting,400,49319,Japan
0012w00000LRfpFAAT,Abbott358 Inc,Customer,Media,400,49320,USA
0012w00000LRfpGAAT,Mills359 Inc,Customer,Banking,400,49390,Canada
0012w00000LRfpHAAT,Roy360 Inc,Customer,Insurance,400,77341,Taiwan
0012w00000LRfpIAAT,Joseph361 Inc,Partner,Manufacturing,400,77351,Switzerland
0012w00000LRfpJAAT,Richards362 Inc,Partner,Retail,400,77352,Singapore
0012w00000LRfpKAAT,Ross559 Inc,Partner,Energy,400,80100,Canada
0012w00000LRfpLAAT,Russell560 Inc,Customer,Education,400,49100,Japan
0012w00000LRfpMAAT,Howell204 Inc,Customer,Technology,8000,64205,Canada
0012w00000LRfpNAAT,Sandoval205 Inc,Customer,Manufacturing,8000,64929,Russian
0012w00000LRfpOAAT,Miller206 Inc,Partner,Biotechnology,8000,64991,Italy
0012w00000LRfpPAAT,Stone207 Inc,Customer,Banking,8000,66110,Russian
0012w00000LRfpQAAT,Thomas208 Inc,Customer,Energy,8000,64191,Hong Kong
0012w00000LRfpRAAT,Gonzales209 Inc,Customer,Utilities,8000,64192,Brazil
0012w00000LRfpSAAT,Romero210 Inc,Customer,Agriculture,8000,64205,USA
0012w00000LRfpTAAT,Simmons211 Inc,Customer,Banking,8000,64929,USA
0012w00000LRfpUAAT,Cannon212 Inc,Customer,Manufacturing,8000,64991,USA
0012w00000LRfpVAAT,Barker213 Inc,Customer,Insurance,8000,66110,India
0012w00000LRfpWAAT,Reeves202 Inc,Customer,Apparel,8000,64191,Sweden
0012w00000LRfpXAAT,Simmons203 Inc,Customer,Healthcare,8000,64192,USA
0012w00000LRfjvAAD,Diaz317 Inc,Partner,Insurance,900,47650,Taiwan
0012w00000LRfjwAAD,Brewer318 Inc,Customer,Utilities,900,47750,Canada
0012w00000LRfjxAAD,Stewart319 Inc,Partner,Energy,900,47781,Canada
0012w00000LRfjyAAD,Myers320 Inc,Partner,Agriculture,900,47910,Japan
0012w00000LRfjzAAD,Tate321 Inc,Customer,Apparel,900,47110,France
0012w00000LRfk0AAD,Fowler322 Inc,Partner,Apparel,900,47190,Canada
0012w00000LRfk1AAD,Marsh323 Inc,Customer,Media,900,47250,USA
0012w00000LRfk2AAD,Cortez324 Inc,Partner,Utilities,900,47591,Germany
0012w00000LRfk3AAD,Dennis325 Inc,Partner,Engineering,900,47640,Canada
0012w00000LRfk4AAD,Miles153 Inc,Partner,Education,5000,3220,Italy
0012w00000LRfk5AAD,Mann154 Inc,Customer,Apparel,5000,1610,Korea
0012w00000LRfk6AAD,Reyes155 Inc,Customer,Banking,5000,1629,Switzerland
0012w00000LRfk7AAD,Nguyen156 Inc,Customer,Healthcare,5000,2400,Italy
0012w00000LRfk8AAD,Fletcher157 Inc,Customer,Communications,5000,3220,Spain
0012w00000LRfk9AAD,Parsons158 Inc,Partner,Biotechnology,5000,1610,Korea
0012w00000LRfkAAAT,Flores159 Inc,Customer,Media,5000,1629,Brazil
0012w00000LRfkBAAT,Shaw160 Inc,Customer,Education,5000,2400,France
0012w00000LRfkCAAT,Dawson161 Inc,Customer,Education,5000,3220,India
0012w00000LRfkDAAT,McCarthy162 Inc,Partner,Technology,5000,1610,Korea
0012w00000LRfkEAAT,Lopez363 Inc,Customer,Media,5000,1629,Russian
0012w00000LRfkFAAT,Ross364 Inc,Customer,Insurance,5000,2400,Normway
0012w00000LRfkGAAT,Luna365 Inc,Partner,Banking,5000,74100,USA
0012w00000LRfkHAAT,Moreno366 Inc,Customer,Technology,5000,47710,Canada
0012w00000LRfkIAAT,Clarke367 Inc,Customer,Healthcare,5000,47721,Turkey
0012w00000LRfkJAAT,Dunn368 Inc,Customer,Biotechnology,5000,47722,USA
0012w00000LRfpYAAT,Vega214 Inc,Customer,Electronics,8000,64191,Russian
0012w00000LRfpZAAT,Pittman435 Inc,Customer,Biotechnology,8000,64192,Russian
0012w00000LRfpaAAD,Foster410 Inc,Customer,Media,8000,64205,Japan
0012w00000LRfpbAAD,Payne411 Inc,Customer,Communications,8000,64929,USA
0012w00000LRfpcAAD,Rodriquez412 Inc,Customer,Banking,8000,64991,USA
0012w00000LRfpdAAD,Hawkins413 Inc,Partner,Banking,8000,66110,Normway
0012w00000LRfpeAAD,Stone414 Inc,Partner,Communications,8000,64191,Japan
0012w00000LRfpfAAD,Daniel415 Inc,Customer,Technology,8000,64192,Brazil
0012w00000LRfpgAAD,West416 Inc,Customer,Energy,8000,64205,United Kingdom
0012w00000LRfphAAD,Wells417 Inc,Customer,Manufacturing,8000,64929,Hong Kong
0012w00000LRfpiAAD,Tyler418 Inc,Partner,Electronics,8000,64991,Canada
0012w00000LRfpjAAD,Joseph419 Inc,Customer,Energy,8000,66110,Canada
0012w00000LRfpkAAD,Evans281 Inc,Customer,Apparel,10000,86210,Singapore
0012w00000LRfplAAD,Munoz282 Inc,Customer,Manufacturing,10000,86220,Thailand
0012w00000LRfpmAAD,Lucas283 Inc,Partner,Engineering,10000,86230,USA
0012w00000LRfpnAAD,Tucker284 Inc,Customer,Agriculture,10000,86900,Belgium
0012w00000LRfpoAAD,Miles285 Inc,Partner,Electronics,10000,86101,USA
0012w00000LRfppAAD,Ellis286 Inc,Partner,Media,10000,86102,Singapore
0012w00000LRfpqAAD,Vasquez483 Inc,Customer,Education,10000,86210,Canada
0012w00000LRfprAAD,Norman484 Inc,Partner,Manufacturing,10000,86220,Hong Kong
0012w00000LRfpsAAD,Newman485 Inc,Partner,Manufacturing,10000,86230,Canada
0012w00000LRfptAAD,Young486 Inc,Customer,Technology,10000,86900,USA
0012w00000LRfpuAAD,Underwood487 Inc,Customer,Apparel,10000,86101,USA
0012w00000LRfpvAAD,Becker488 Inc,Customer,Transportation,10000,86102,Singapore
0012w00000LRfkKAAT,Coleman369 Inc,Customer,Media,5000,74100,Canada
0012w00000LRfkLAAT,Beck370 Inc,Customer,Finance,5000,47710,Hong Kong
0012w00000LRfkMAAT,Dennis371 Inc,Customer,Insurance,5000,47721,Brazil
0012w00000LRfkNAAT,Abbott372 Inc,Partner,Consulting,5000,47722,USA
0012w00000LRfkOAAT,Duncan373 Inc,Partner,Education,5000,74100,Japan
0012w00000LRfkPAAT,Fuller374 Inc,Customer,Agriculture,5000,47710,USA
0012w00000LRfkQAAT,Klein375 Inc,Customer,Insurance,5000,47721,Canada
0012w00000LRfkRAAT,Dixon376 Inc,Customer,Biotechnology,5000,47722,USA
0012w00000LRfkSAAT,Moore669 Inc,Customer,Insurance,1000,47410,Belgium
0012w00000LRfkTAAT,Maxwell670 Inc,Customer,Media,1000,43290,USA
0012w00000LRfkUAAT,Cooper671 Inc,Customer,Communications,1000,46610,USA
0012w00000LRfkVAAT,Green672 Inc,Partner,Biotechnology,1000,46620,Korea
0012w00000LRfkWAAT,Fleming816 Inc,Customer,Insurance,1000,46630,Germany
0012w00000LRfkXAAT,Colon817 Inc,Customer,Media,1000,46640,Canada
0012w00000LRfkYAAT,King818 Inc,Customer,Telecommunications,1000,46690,China
0012w00000LRfkZAAT,Larson819 Inc,Partner,Consulting,1000,47410,China
0012w00000LRfkaAAD,Green820 Inc,Partner,Apparel,1000,43290,France
0012w00000LRfkbAAD,Strickland821 Inc,Customer,Media,1000,46610,USA
0012w00000LRfkcAAD,Flowers822 Inc,Partner,Energy,1000,46620,USA
0012w00000LRfkdAAD,Flores823 Inc,Customer,Education,1000,46630,Korea
0012w00000LRfkeAAD,Richardson824 Inc,Partner,Media,1000,46640,Thailand
0012w00000LRfkfAAD,Shelton825 Inc,Customer,Banking,1000,46690,China
0012w00000LRfkgAAD,Romero826 Inc,Customer,Manufacturing,1000,47410,India
0012w00000LRfkhAAD,Fuller827 Inc,Customer,Apparel,1000,43290,Canada
0012w00000LRfkiAAD,Hart828 Inc,Customer,Electronics,1000,46610,Germany
0012w00000LRfpwAAD,Moss489 Inc,Customer,Banking,10000,86210,Denmark
0012w00000LRfpxAAD,Reese490 Inc,Customer,Communications,10000,86220,Germany
0012w00000LRfpyAAD,Lawrence491 Inc,Customer,Transportation,10000,86230,Canada
0012w00000LRfpzAAD,Schwartz492 Inc,Customer,Media,10000,86900,Thailand
0012w00000LRfq0AAD,Saunders493 Inc,Customer,Electronics,10000,86101,United Kingdom
0012w00000LRfq1AAD,Higgins494 Inc,Customer,Media,10000,86102,Normway
0012w00000LRfq2AAD,Brown495 Inc,Customer,Retail,10000,86210,USA
0012w00000LRfq3AAD,Lowe496 Inc,Partner,Communications,10000,86220,Australia
0012w00000LRfq4AAD,Medina497 Inc,Customer,Engineering,10000,86230,Spain
0012w00000LRfq5AAD,Doyle498 Inc,Partner,Transportation,10000,86900,Korea
0012w00000LRfq6AAD,Gardner499 Inc,Partner,Banking,10000,86101,USA
0012w00000LRfq7AAD,Howard500 Inc,Partner,Manufacturing,10000,86102,Korea
0012w00000LRfq8AAD,Gill501 Inc,Customer,Telecommunications,10000,86210,Canada
0012w00000LRfq9AAD,Watkins561 Inc,Partner,Finance,400,49200,USA
0012w00000LRfqAAAT,Beck562 Inc,Customer,Banking,400,49311,Canada
0012w00000LRfqBAAT,Keller563 Inc,Customer,Insurance,400,49319,France
0012w00000LRfqCAAT,Brady564 Inc,Customer,Electronics,400,49320,USA
0012w00000LRfqDAAT,Austin565 Inc,Partner,Energy,400,49390,Canada
0012w00000LRfqEAAT,Todd566 Inc,Partner,Technology,400,77341,Taiwan
0012w00000LRfqFAAT,Green567 Inc,Partner,Telecommunications,400,77351,Switzerland
0012w00000LRfqGAAT,Long568 Inc,Customer,Engineering,400,77352,Russian
0012w00000LRfqHAAT,Horton569 Inc,Customer,Retail,400,80100,Canada
0012w00000LRfqIAAT,Mitchell570 Inc,Customer,Communications,400,49100,Japan
0012w00000LRfqJAAT,Freeman571 Inc,Customer,Education,400,49200,Canada
0012w00000LRfkjAAD,Nelson829 Inc,Customer,Media,1000,46620,Japan
0012w00000LRfkkAAD,Rios830 Inc,Customer,Apparel,1000,46630,USA
0012w00000LRfklAAD,Greer831 Inc,Customer,Finance,1000,46640,Denmark
0012w00000LRfkmAAD,Floyd832 Inc,Customer,Banking,1000,46690,Turkey
0012w00000LRfknAAD,Porter833 Inc,Customer,Education,1000,47410,China
0012w00000LRfkoAAD,Lane834 Inc,Customer,Transportation,1000,43290,USA
0012w00000LRfkpAAD,Ford835 Inc,Partner,Insurance,1000,46610,Singapore
0012w00000LRfkqAAD,Marsh836 Inc,Customer,Insurance,1000,46620,USA
0012w00000LRfkrAAD,Haynes326 Inc,Customer,Media,900,47650,Canada
0012w00000LRfksAAD,Ellis327 Inc,Customer,Banking,900,47750,Korea
0012w00000LRfktAAD,Black328 Inc,Partner,Retail,900,47781,Korea
0012w00000LRfkuAAD,Gill329 Inc,Partner,Insurance,900,18202,Canada
0012w00000LRfkvAAD,Hale330 Inc,Partner,Insurance,900,18203,USA
0012w00000LRfkwAAD,Hill331 Inc,Customer,Apparel,900,47430,USA
0012w00000LRfkxAAD,Hicks332 Inc,Customer,Energy,900,47741,China
0012w00000LRfkyAAD,Rowe333 Inc,Customer,Communications,900,62011,Canada
0012w00000LRfkzAAD,Pittman334 Inc,Customer,Finance,900,62090,Canada
0012w00000LRfl0AAD,Adams335 Inc,Customer,Electronics,900,18202,Hong Kong
0012w00000LRfl1AAD,Atkins336 Inc,Customer,Finance,900,18203,Mexico
0012w00000LRfl2AAD,Mitchell534 Inc,Customer,Education,900,47430,Normway
0012w00000LRfl3AAD,Duncan535 Inc,Partner,Finance,900,47741,Canada
0012w00000LRfl4AAD,Crawford536 Inc,Customer,Energy,900,62011,Canada
0012w00000LRfl5AAD,Morton537 Inc,Customer,Transportation,900,62090,Canada
0012w00000LRfl6AAD,Conner538 Inc,Partner,Retail,900,18202,Japan
0012w00000LRfqKAAT,Fox572 Inc,Partner,Engineering,400,49311,Spain
0012w00000LRfqLAAT,Haynes573 Inc,Partner,Technology,400,49319,Switzerland
0012w00000LRfqMAAT,Cain574 Inc,Partner,Biotechnology,400,49320,Switzerland
0012w00000LRfqNAAT,Grant575 Inc,Partner,Finance,400,49390,Canada
0012w00000LRfqOAAT,Bowen576 Inc,Customer,Banking,400,77341,USA
0012w00000LRfqPAAT,Tucker577 Inc,Customer,Insurance,400,77351,USA
0012w00000LRfqQAAT,Vargas578 Inc,Partner,Education,400,77352,Canada
0012w00000LRfqRAAT,Hernandez579 Inc,Partner,Retail,400,80100,Canada
0012w00000LRfqSAAT,Griffith580 Inc,Partner,Transportation,400,49100,USA
0012w00000LRfqTAAT,Ford745 Inc,Customer,Finance,400,49200,USA
0012w00000LRfqUAAT,Greer746 Inc,Partner,Engineering,400,49311,Canada
0012w00000LRfqVAAT,Curry420 Inc,Customer,Media,8000,64191,Turkey
0012w00000LRfqWAAT,Wagner421 Inc,Customer,Education,8000,64192,USA
0012w00000LRfqXAAT,Rodriguez422 Inc,Customer,Electronics,8000,64205,Canada
0012w00000LRfqYAAT,Wells423 Inc,Customer,Banking,8000,64929,USA
0012w00000LRfqZAAT,Larson424 Inc,Customer,Electronics,8000,64991,USA
0012w00000LRfqaAAD,Davis425 Inc,Customer,Biotechnology,8000,66110,USA
0012w00000LRfqbAAD,Abbott426 Inc,Partner,Healthcare,8000,21100,Sweden
0012w00000LRfqcAAD,Garza427 Inc,Partner,Energy,8000,72110,Turkey
0012w00000LRfqdAAD,Sparks428 Inc,Customer,Healthcare,8000,21100,Japan
0012w00000LRfqeAAD,Fletcher429 Inc,Customer,Retail,8000,72110,Germany
0012w00000LRfqfAAD,Morris430 Inc,Partner,Banking,8000,21100,USA
0012w00000LRfqgAAD,James431 Inc,Customer,Engineering,8000,72110,Singapore
0012w00000LRfqhAAD,Newman432 Inc,Customer,Technology,8000,21100,Canada
0012w00000LRfqiAAD,Duncan433 Inc,Customer,Telecommunications,8000,72110,Canada
0012w00000LRfl7AAD,Tran539 Inc,Customer,Finance,900,18203,USA
0012w00000LRfl8AAD,Davis540 Inc,Customer,Consulting,900,47430,Canada
0012w00000LRfl9AAD,Morris541 Inc,Partner,Technology,900,47741,USA
0012w00000LRflAAAT,McKinney542 Inc,Customer,Education,900,62011,Thailand
0012w00000LRflBAAT,Barnett543 Inc,Partner,Consulting,900,62090,Hong Kong
0012w00000LRflCAAT,Potter544 Inc,Partner,Retail,900,18202,Canada
0012w00000LRflDAAT,Freeman545 Inc,Partner,Healthcare,900,18203,Spain
0012w00000LRflEAAT,Caldwell546 Inc,Partner,Apparel,900,47430,Italy
0012w00000LRflFAAT,Bowen547 Inc,Customer,Healthcare,900,47741,France
0012w00000LRflGAAT,Rivera377 Inc,Partner,Energy,5000,74100,Sweden
0012w00000LRflHAAT,Armstrong378 Inc,Customer,Insurance,5000,47710,Canada
0012w00000LRflIAAT,Banks379 Inc,Partner,Apparel,5000,47721,Japan
0012w00000LRflJAAT,Nash380 Inc,Customer,Banking,5000,47722,Normway
0012w00000LRflKAAT,Webb381 Inc,Customer,Apparel,5000,74100,Denmark
0012w00000LRflLAAT,Robinson382 Inc,Partner,Agriculture,5000,47710,China
0012w00000LRflMAAT,Houston383 Inc,Customer,Electronics,5000,47721,USA
0012w00000LRflNAAT,Rios384 Inc,Partner,Insurance,5000,47722,Japan
0012w00000LRflOAAT,Rivera385 Inc,Customer,Apparel,5000,74100,Japan
0012w00000LRflPAAT,Arnold386 Inc,Customer,Retail,5000,47710,Canada
0012w00000LRflQAAT,Banks163 Inc,Customer,Technology,5000,47721,USA
0012w00000LRflRAAT,King177 Inc,Customer,Telecommunications,5000,47722,USA
0012w00000LRflSAAT,Morrison178 Inc,Customer,Apparel,5000,74100,Normway
0012w00000LRflTAAT,Perez179 Inc,Customer,Engineering,5000,47710,Taiwan
0012w00000LRfqjAAD,Edwards434 Inc,Partner,Transportation,8000,21100,USA
0012w00000LRfqkAAD,Roberson601 Inc,Partner,Technology,8000,72110,Belgium
0012w00000LRfqlAAD,McCarthy602 Inc,Partner,Healthcare,8000,21100,Hong Kong
0012w00000LRfqmAAD,Chavez603 Inc,Partner,Insurance,8000,72110,China
0012w00000LRfqnAAD,Reed604 Inc,Customer,Media,8000,21100,Germany
0012w00000LRfqoAAD,Lopez605 Inc,Customer,Banking,8000,72110,Canada
0012w00000LRfqpAAD,Davidson606 Inc,Customer,Healthcare,8000,21100,Switzerland
0012w00000LRfqqAAD,Hayes607 Inc,Customer,Insurance,8000,72110,Turkey
0012w00000LRfqrAAD,Rodriguez608 Inc,Partner,Media,8000,21100,USA
0012w00000LRfqsAAD,Thornton502 Inc,Customer,Technology,10000,86220,Turkey
0012w00000LRfqtAAD,Fitzgerald503 Inc,Customer,Banking,10000,86230,Canada
0012w00000LRfquAAD,Stone504 Inc,Partner,Energy,10000,86101,Canada
0012w00000LRfqvAAD,Leonard505 Inc,Customer,Energy,10000,86102,Thailand
0012w00000LRfqwAAD,Hudson506 Inc,Customer,Finance,10000,65110,Canada
0012w00000LRfqxAAD,Wright507 Inc,Customer,Education,10000,65120,United Kingdom
0012w00000LRfqyAAD,Rose673 Inc,Partner,Consulting,10000,65201,Thailand
0012w00000LRfqzAAD,Evans674 Inc,Customer,Apparel,10000,65202,Thailand
0012w00000LRfr0AAD,Powers675 Inc,Customer,Apparel,10000,66210,Japan
0012w00000LRfr1AAD,Gray676 Inc,Customer,Biotechnology,10000,66220,Japan
0012w00000LRfr2AAD,Hall749 Inc,Customer,Telecommunications,400,49390,Japan
0012w00000LRfr3AAD,Payne750 Inc,Partner,Banking,400,77341,USA
0012w00000LRfr4AAD,Freeman751 Inc,Customer,Retail,1100,77351,Germany
0012w00000LRfr5AAD,Rivera752 Inc,Customer,Banking,1100,77352,USA
0012w00000LRfr6AAD,Chambers753 Inc,Partner,Technology,1100,80100,Australia
0012w00000LRfg2AAD,Tran645 Inc,Customer,Biotechnology,4000,85100,China
0012w00000LRfg3AAD,Zimmerman646 Inc,Customer,Banking,4000,85200,Taiwan
0012w00000LRfg4AAD,Norton790 Inc,Customer,Agriculture,4000,85310,Canada
0012w00000LRfg5AAD,Bradley791 Inc,Customer,Banking,4000,85320,France
0012w00000LRfg6AAD,Valdez792 Inc,Customer,Banking,4000,85410,Canada
0012w00000LRfg7AAD,Nguyen793 Inc,Partner,Retail,4000,85421,Turkey
0012w00000LRfg8AAD,Weber794 Inc,Partner,Engineering,4000,85422,USA
0012w00000LRfg9AAD,Gordon795 Inc,Partner,Banking,4000,85100,Canada
0012w00000LRfgAAAT,Mitchell796 Inc,Customer,Manufacturing,4000,85200,Normway
0012w00000LRfgBAAT,Kim797 Inc,Customer,Manufacturing,4000,85310,India
0012w00000LRfgCAAT,Ingram644 Inc,Customer,Communications,4000,85422,Sweden
0012w00000LRfgDAAT,Tran798 Inc,Customer,Agriculture,4000,85320,Sweden
0012w00000LRfgEAAT,Thornton799 Inc,Customer,Technology,4000,85410,Canada
0012w00000LRfgFAAT,Kim800 Inc,Customer,Technology,4000,26400,Japan
0012w00000LRflUAAT,Quinn180 Inc,Customer,Media,5000,47721,USA
0012w00000LRflVAAT,Martinez181 Inc,Customer,Biotechnology,5000,47722,USA
0012w00000LRflWAAT,Allen182 Inc,Customer,Apparel,5000,74100,Switzerland
0012w00000LRflXAAT,Williamson183 Inc,Partner,Apparel,5000,47710,Canada
0012w00000LRflYAAT,Crawford184 Inc,Customer,Education,5000,47721,Canada
0012w00000LRflZAAT,Klein185 Inc,Customer,Banking,5000,47722,Switzerland
0012w00000LRflaAAD,Reed186 Inc,Customer,Retail,5000,74100,Germany
0012w00000LRflbAAD,Duncan187 Inc,Partner,Energy,5000,47710,Italy
0012w00000LRflcAAD,Christensen164 Inc,Customer,Electronics,5000,47721,Japan
0012w00000LRfldAAD,Webb165 Inc,Customer,Apparel,5000,47722,Canada
0012w00000LRfleAAD,Day837 Inc,Customer,Energy,1000,46630,Korea
0012w00000LRflfAAD,Cobb838 Inc,Customer,Electronics,1000,46640,USA
0012w00000LRflgAAD,Ramos839 Inc,Customer,Engineering,1000,46690,Canada
0012w00000LRflhAAD,Christensen840 Inc,Customer,Technology,1000,47410,Brazil
0012w00000LRfliAAD,Schneider841 Inc,Customer,Electronics,1000,43290,India
0012w00000LRfljAAD,Holland842 Inc,Customer,Engineering,1000,46610,USA
0012w00000LRflkAAD,Grant962 Inc,Customer,Transportation,1000,46620,Spain
0012w00000LRfllAAD,Boone963 Inc,Customer,Insurance,1000,46630,United Kingdom
0012w00000LRflmAAD,Pena964 Inc,Customer,Electronics,1000,46640,Canada
0012w00000LRflnAAD,Conner965 Inc,Customer,Insurance,1000,46690,Germany
0012w00000LRfloAAD,Barnett966 Inc,Customer,Electronics,1000,47410,Italy
0012w00000LRflpAAD,May967 Inc,Customer,Manufacturing,1000,43290,Belgium
0012w00000LRflqAAD,Gross968 Inc,Customer,Agriculture,1000,46610,USA
0012w00000LRflrAAD,Rivera969 Inc,Customer,Manufacturing,1000,46620,Canada
0012w00000LRflsAAD,Nash970 Inc,Customer,Engineering,1000,46630,Australia
0012w00000LRfr7AAD,Gill754 Inc,Partner,Energy,1100,49100,Mexico
0012w00000LRfr8AAD,Becker755 Inc,Partner,Biotechnology,1100,49200,Japan
0012w00000LRfr9AAD,Harper756 Inc,Customer,Education,1100,49311,USA
0012w00000LRfrAAAT,Ramirez757 Inc,Partner,Manufacturing,1100,49319,Belgium
0012w00000LRfrBAAT,Hall758 Inc,Customer,Telecommunications,1100,49320,USA
0012w00000LRfrCAAT,Reynolds759 Inc,Customer,Media,1100,49390,Canada
0012w00000LRfrDAAT,Hogan760 Inc,Partner,Finance,1100,77341,India
0012w00000LRfrEAAT,Douglas747 Inc,Customer,Insurance,400,49319,United Kingdom
0012w00000LRfrFAAT,Mendoza748 Inc,Partner,Manufacturing,400,49320,Switzerland
0012w00000LRfrGAAT,Hoffman761 Inc,Customer,Apparel,1100,77351,China
0012w00000LRfrHAAT,Fleming762 Inc,Customer,Insurance,1100,61100,USA
0012w00000LRfrIAAT,Brewer763 Inc,Customer,Electronics,1100,35130,India
0012w00000LRfrJAAT,Sharp764 Inc,Customer,Technology,1100,35220,Canada
0012w00000LRfrKAAT,Myers765 Inc,Customer,Communications,1100,36000,Canada
0012w00000LRfrLAAT,Greer766 Inc,Customer,Electronics,1100,38110,Canada
0012w00000LRfrMAAT,Casey767 Inc,Customer,Energy,1100,35130,United Kingdom
0012w00000LRfrNAAT,Rodriguez768 Inc,Customer,Manufacturing,1100,35220,Japan
0012w00000LRfrOAAT,Wilkerson769 Inc,Customer,Insurance,1100,36000,Japan
0012w00000LRfrPAAT,Cooper770 Inc,Partner,Telecommunications,1100,38110,United Kingdom
0012w00000LRfrQAAT,Lawson921 Inc,Customer,Engineering,1100,35130,Normway
0012w00000LRfrRAAT,Potter610 Inc,Customer,Transportation,8000,21100,USA
0012w00000LRfrSAAT,Lamb611 Inc,Partner,Consulting,8000,72110,Thailand
0012w00000LRfrTAAT,Day612 Inc,Customer,Agriculture,8000,21100,USA
0012w00000LRfrUAAT,Moody613 Inc,Customer,Transportation,8000,72110,Japan
0012w00000LRfrVAAT,Marsh614 Inc,Partner,Finance,8000,21100,Mexico
