AnlyTxHack__Account_External_Id__c,Name,Type,Industry,NumberOfEmployees,Sic,BillingCountry
0012w00000Lz0YuAAJ,Tran645 Inc,Customer,Biotechnology,4000,85100,China
0012w00000Lz0YvAAJ,Zimmerman646 Inc,Customer,Banking,4000,85200,Taiwan
0012w00000Lz0YwAAJ,Norton790 Inc,Customer,Agriculture,4000,85310,Canada
0012w00000Lz0YxAAJ,Bradley791 Inc,Customer,Banking,4000,85320,France
0012w00000Lz0YyAAJ,Valdez792 Inc,Customer,Banking,4000,85410,Canada
0012w00000Lz0YzAAJ,Nguyen793 Inc,Partner,Retail,4000,85421,Turkey
0012w00000Lz0Z0AAJ,Weber794 Inc,Partner,Engineering,4000,85422,USA
0012w00000Lz0Z1AAJ,Gordon795 Inc,Partner,Banking,4000,85100,Canada
0012w00000Lz0Z2AAJ,Mitchell796 Inc,Customer,Manufacturing,4000,85200,Normway
0012w00000Lz0Z3AAJ,Kim797 Inc,Customer,Manufacturing,4000,85310,India
0012w00000Lz0YtAAJ,Ingram644 Inc,Customer,Communications,4000,85422,Sweden
0012w00000Lz0Z4AAJ,Tran798 Inc,Customer,Agriculture,4000,85320,Sweden
0012w00000Lz0Z5AAJ,Thornton799 Inc,Customer,Technology,4000,85410,Canada
0012w00000Lz0Z6AAJ,Kim800 Inc,Customer,Technology,4000,26400,Japan
0012w00000Lz0Z7AAJ,Gutierrez801 Inc,Customer,Banking,4000,26511,Germany
0012w00000Lz0Z8AAJ,Munoz802 Inc,Customer,Utilities,4000,26512,Switzerland
0012w00000Lz0Z9AAJ,Webster803 Inc,Partner,Telecommunications,4000,27110,Japan
0012w00000Lz0ZAAAZ,Roberts804 Inc,Partner,Banking,4000,27120,Japan
0012w00000Lz0ZBAAZ,Ellis805 Inc,Customer,Healthcare,4000,27200,Russian
0012w00000Lz0ZCAAZ,Patrick806 Inc,Customer,Energy,4000,27310,Sweden
0012w00000Lz0ZXAAZ,Jimenez958 Inc,Customer,Apparel,4000,26400,USA
0012w00000Lz0ZYAAZ,Oliver959 Inc,Partner,Technology,4000,26511,USA
0012w00000Lz0ZZAAZ,Johnson960 Inc,Partner,Communications,4000,26512,Italy
0012w00000Lz0ZaAAJ,Stokes961 Inc,Customer,Agriculture,4000,27110,USA
0012w00000Lz0ZbAAJ,Adams25 Inc,Customer,Transportation,4000,27120,Japan
0012w00000Lz0ZcAAJ,McGuire26 Inc,Partner,Energy,4000,27200,USA
0012w00000Lz0ZdAAJ,Dennis27 Inc,Partner,Media,4000,27310,Japan
0012w00000Lz0ZeAAJ,Cohen28 Inc,Customer,Retail,4000,27320,China
0012w00000Lz0ZfAAJ,Reid29 Inc,Customer,Biotechnology,4000,27330,USA
0012w00000Lz0ZgAAJ,Francis30 Inc,Customer,Biotechnology,4000,26400,Canada
0012w00000Lz0ZhAAJ,Long31 Inc,Customer,Consulting,4000,26511,USA
0012w00000Lz0ZiAAJ,Peterson32 Inc,Customer,Retail,4000,26512,Sweden
0012w00000Lz0ZjAAJ,Graves33 Inc,Customer,Telecommunications,4000,27110,Canada
0012w00000Lz0ZkAAJ,Vasquez34 Inc,Customer,Technology,4000,27120,USA
0012w00000Lz0ZVAAZ,Rodgers956 Inc,Customer,Electronics,4000,27320,Germany
0012w00000Lz0ZWAAZ,Sanchez957 Inc,Customer,Apparel,4000,27330,China
0012w00000Lz0ZlAAJ,Silva35 Inc,Partner,Telecommunications,4000,27200,France
0012w00000Lz0ZmAAJ,Soto36 Inc,Customer,Healthcare,4000,35110,USA
0012w00000Lz0ZnAAJ,Delgado37 Inc,Customer,Education,4000,35120,Denmark
0012w00000Lz0ZoAAJ,Gutierrez38 Inc,Customer,Technology,4000,35130,Singapore
0012w00000Lz0ZpAAJ,Greer39 Inc,Partner,Biotechnology,4000,35140,Normway
0012w00000Lz0ZqAAJ,Webster40 Inc,Customer,Consulting,4000,35210,Thailand
0012w00000Lz0ZrAAJ,Morales41 Inc,Partner,Banking,4000,35208,USA
0012w00000Lz0ZsAAJ,Adkins42 Inc,Customer,Utilities,4000,35230,Japan
0012w00000Lz0ZtAAJ,Carr43 Inc,Customer,Apparel,4000,35252,Australia
0012w00000Lz0fBAAR,Evans525 Inc,Partner,Education,10000,58190,China
0012w00000Lz0fCAAR,Porter526 Inc,Customer,Electronics,10000,59111,Canada
0012w00000Lz0fDAAR,Snyder527 Inc,Customer,Insurance,10000,59112,United Kingdom
0012w00000Lz0fEAAR,Pittman528 Inc,Customer,Energy,10000,59113,Switzerland
0012w00000Lz0fFAAR,Flowers529 Inc,Customer,Utilities,10000,59120,France
0012w00000Lz0fGAAR,Williamson530 Inc,Customer,Biotechnology,10000,59131,Taiwan
0012w00000Lz0fHAAR,McKenzie531 Inc,Partner,Media,10000,59132,USA
0012w00000Lz0fIAAR,Cross532 Inc,Customer,Insurance,10000,59133,Hong Kong
0012w00000Lz0fJAAR,Stone533 Inc,Customer,Technology,10000,18110,USA
0012w00000Lz0fKAAR,Harmon693 Inc,Partner,Transportation,10000,58130,USA
0012w00000Lz0fLAAR,Carroll694 Inc,Customer,Communications,10000,58190,USA
0012w00000Lz0fMAAR,McCoy695 Inc,Partner,Engineering,10000,59111,Italy
0012w00000Lz0fNAAR,Lawrence696 Inc,Customer,Biotechnology,900,59112,Belgium
0012w00000Lz0fOAAR,Hoffman697 Inc,Customer,Healthcare,900,59113,USA
0012w00000Lz0fPAAR,Morton698 Inc,Customer,Apparel,900,59120,Canada
0012w00000Lz0fQAAR,Warner699 Inc,Customer,Insurance,900,59131,Russian
0012w00000Lz0fRAAR,Shaw700 Inc,Customer,Consulting,900,59132,Germany
0012w00000Lz0fSAAR,Crawford701 Inc,Customer,Technology,900,59133,Spain
0012w00000Lz0fTAAR,Black702 Inc,Customer,Banking,900,18110,Canada
0012w00000Lz0fUAAR,Page703 Inc,Partner,Agriculture,900,58130,Japan
0012w00000Lz0fVAAR,Alexander704 Inc,Customer,Banking,900,58190,Taiwan
0012w00000Lz0fWAAR,Graham705 Inc,Customer,Apparel,900,59111,USA
0012w00000Lz0fXAAR,West706 Inc,Customer,Technology,900,59112,USA
0012w00000Lz0fYAAR,Garza707 Inc,Customer,Utilities,900,59113,USA
0012w00000Lz0ThAAJ,Greer122 Inc,Customer,Technology,5000,1610,Thailand
0012w00000Lz0TiAAJ,Stewart123 Inc,Partner,Banking,5000,1629,Switzerland
0012w00000Lz0TjAAJ,Frank124 Inc,Partner,Manufacturing,5000,2400,Normway
0012w00000Lz0TkAAJ,Burke125 Inc,Customer,Telecommunications,5000,3220,Hong Kong
0012w00000Lz0ZuAAJ,Bennett44 Inc,Partner,Manufacturing,4000,35274,USA
0012w00000Lz0ZvAAJ,Alvarez45 Inc,Partner,Education,4000,35296,Switzerland
0012w00000Lz0ZwAAJ,Lawrence46 Inc,Customer,Manufacturing,4000,35318,Normway
0012w00000Lz0ZxAAJ,Casey47 Inc,Customer,Education,500,35340,Spain
0012w00000Lz0ZyAAJ,Gutierrez48 Inc,Customer,Telecommunications,500,35362,USA
0012w00000Lz0ZzAAJ,West49 Inc,Partner,Apparel,500,35384,Japan
0012w00000Lz0a0AAB,Lawrence50 Inc,Customer,Technology,500,35406,Normway
0012w00000Lz0a1AAB,Walsh51 Inc,Partner,Agriculture,500,35428,Spain
0012w00000Lz0a2AAB,Guzman239 Inc,Customer,Retail,500,35450,USA
0012w00000Lz0a3AAB,Hampton240 Inc,Partner,Retail,500,35472,USA
0012w00000Lz0a4AAB,Johnston241 Inc,Customer,Apparel,500,35494,Korea
0012w00000Lz0a5AAB,Cross242 Inc,Customer,Education,500,35516,Turkey
0012w00000Lz0a6AAB,Nguyen243 Inc,Customer,Manufacturing,500,35538,Turkey
0012w00000Lz0a7AAB,Wise244 Inc,Customer,Agriculture,500,35560,Belgium
0012w00000Lz0a8AAB,Terry245 Inc,Customer,Technology,500,35582,Canada
0012w00000Lz0a9AAB,Medina246 Inc,Customer,Utilities,500,35604,Canada
0012w00000Lz0aAAAR,Moore247 Inc,Customer,Retail,500,35626,USA
0012w00000Lz0aBAAR,Greene248 Inc,Partner,Utilities,500,35648,Taiwan
0012w00000Lz0aCAAR,Butler249 Inc,Customer,Energy,500,35670,Singapore
0012w00000Lz0aDAAR,Bryant250 Inc,Customer,Biotechnology,500,35692,Spain
0012w00000Lz0aEAAR,Rivera251 Inc,Customer,Finance,500,35714,USA
0012w00000Lz0aFAAR,Meyer252 Inc,Customer,Finance,500,35736,Denmark
0012w00000Lz0aGAAR,Phillips253 Inc,Customer,Telecommunications,500,35758,Turkey
0012w00000Lz0aHAAR,Glover254 Inc,Partner,Banking,500,35780,Normway
0012w00000Lz0aIAAR,Ortega255 Inc,Customer,Retail,500,35802,Canada
0012w00000Lz0fZAAR,Scott708 Inc,Customer,Communications,900,59120,USA
0012w00000Lz0faAAB,Sutton709 Inc,Partner,Media,900,59131,Thailand
0012w00000Lz0fbAAB,Fleming710 Inc,Customer,Utilities,900,59132,Taiwan
0012w00000Lz0fcAAB,Delgado711 Inc,Customer,Transportation,900,59133,USA
0012w00000Lz0fdAAB,Grant712 Inc,Customer,Insurance,900,18110,Japan
0012w00000Lz0feAAB,Hernandez713 Inc,Customer,Banking,900,58130,India
0012w00000Lz0ffAAB,Carson714 Inc,Customer,Energy,900,58190,United Kingdom
0012w00000Lz0fgAAB,Bradley715 Inc,Customer,Insurance,900,59111,USA
0012w00000Lz0fhAAB,Fowler716 Inc,Customer,Education,900,59112,Hong Kong
0012w00000Lz0fiAAB,Hart717 Inc,Customer,Healthcare,900,59113,USA
0012w00000Lz0fjAAB,Vega718 Inc,Customer,Energy,900,59120,USA
0012w00000Lz0fkAAB,Chambers869 Inc,Customer,Engineering,900,59131,Brazil
0012w00000Lz0flAAB,Aguilar870 Inc,Customer,Media,900,59132,Russian
0012w00000Lz0fmAAB,Gomez871 Inc,Customer,Utilities,900,59133,USA
0012w00000Lz0fnAAB,Owen872 Inc,Customer,Engineering,900,18110,Sweden
0012w00000Lz0foAAB,Shelton873 Inc,Partner,Engineering,900,58130,Canada
0012w00000Lz0fpAAB,Erickson874 Inc,Customer,Media,900,58190,USA
0012w00000Lz0fqAAB,Sparks875 Inc,Customer,Engineering,900,59111,China
0012w00000Lz0frAAB,Alvarez876 Inc,Customer,Energy,900,59112,China
0012w00000Lz0fsAAB,Norton877 Inc,Customer,Consulting,900,59113,Canada
0012w00000Lz0ftAAB,Barber878 Inc,Partner,Consulting,900,59120,USA
0012w00000Lz0fuAAB,Hoffman879 Inc,Customer,Manufacturing,900,59131,Australia
0012w00000Lz0fvAAB,Wallace880 Inc,Customer,Manufacturing,900,59132,USA
0012w00000Lz0fwAAB,Hawkins881 Inc,Partner,Apparel,900,59133,USA
0012w00000Lz0fxAAB,Bush882 Inc,Partner,Manufacturing,900,18110,Denmark
0012w00000Lz0TmAAJ,Nash127 Inc,Customer,Transportation,5000,1629,Japan
0012w00000Lz0TnAAJ,Morton128 Inc,Customer,Transportation,5000,2400,Japan
0012w00000Lz0ToAAJ,Cruz129 Inc,Customer,Agriculture,5000,3220,Korea
0012w00000Lz0TpAAJ,Jennings130 Inc,Customer,Apparel,5000,1610,Switzerland
0012w00000Lz0TqAAJ,Rodgers131 Inc,Customer,Manufacturing,5000,1629,Italy
0012w00000Lz0TrAAJ,Cobb132 Inc,Customer,Apparel,5000,2400,Taiwan
0012w00000Lz0TsAAJ,Johnston133 Inc,Customer,Technology,5000,3220,USA
0012w00000Lz0TtAAJ,Nichols134 Inc,Customer,Finance,5000,1610,Canada
0012w00000Lz0TuAAJ,Larson135 Inc,Customer,Manufacturing,5000,1629,Hong Kong
0012w00000Lz0TvAAJ,Thompson136 Inc,Customer,Energy,5000,2400,Thailand
0012w00000Lz0TwAAJ,Ramirez137 Inc,Customer,Electronics,5000,3220,Japan
0012w00000Lz0TxAAJ,Peters138 Inc,Customer,Retail,5000,1610,Spain
0012w00000Lz0TlAAJ,Bates126 Inc,Partner,Healthcare,5000,1610,Korea
0012w00000Lz0TyAAJ,Pope139 Inc,Partner,Transportation,5000,1629,USA
0012w00000Lz0TzAAJ,Lopez140 Inc,Customer,Energy,5000,2400,China
0012w00000Lz0U0AAJ,Daniels141 Inc,Customer,Utilities,5000,3220,Germany
0012w00000Lz0U1AAJ,Underwood142 Inc,Customer,Energy,5000,1610,Canada
0012w00000Lz0U2AAJ,McKenzie143 Inc,Customer,Media,5000,1629,Italy
0012w00000Lz0U3AAJ,Quinn144 Inc,Customer,Engineering,5000,2400,Brazil
0012w00000Lz0U4AAJ,Newman145 Inc,Customer,Insurance,5000,3220,Canada
0012w00000Lz0U5AAJ,Knight146 Inc,Customer,Energy,5000,1610,USA
0012w00000Lz0U6AAJ,Graves147 Inc,Customer,Biotechnology,5000,1629,USA
0012w00000Lz0U7AAJ,Thomas148 Inc,Customer,Biotechnology,5000,2400,Japan
0012w00000Lz0U8AAJ,Colon149 Inc,Partner,Insurance,5000,3220,Taiwan
0012w00000Lz0aJAAR,Love256 Inc,Customer,Energy,500,35824,Canada
0012w00000Lz0aKAAR,Salazar257 Inc,Customer,Manufacturing,500,35846,Germany
0012w00000Lz0aLAAR,Patrick258 Inc,Customer,Biotechnology,500,35868,USA
0012w00000Lz0aMAAR,Wells259 Inc,Customer,Engineering,500,35890,USA
0012w00000Lz0aNAAR,Dawson260 Inc,Customer,Media,500,35912,USA
0012w00000Lz0aOAAR,Holloway261 Inc,Customer,Apparel,500,35934,China
0012w00000Lz0aPAAR,Estrada262 Inc,Customer,Insurance,500,35956,USA
0012w00000Lz0aQAAR,Beck462 Inc,Customer,Biotechnology,500,35978,USA
0012w00000Lz0aRAAR,Hill463 Inc,Customer,Telecommunications,500,36000,USA
0012w00000Lz0aSAAR,Maldonado464 Inc,Customer,Technology,500,36022,Canada
0012w00000Lz0aTAAR,Figueroa465 Inc,Customer,Transportation,500,36044,Singapore
0012w00000Lz0aUAAR,Porter466 Inc,Partner,Biotechnology,500,36066,Canada
0012w00000Lz0aVAAR,McDaniel467 Inc,Customer,Biotechnology,500,36088,Japan
0012w00000Lz0aWAAR,Edwards468 Inc,Partner,Biotechnology,500,36110,Canada
0012w00000Lz0aXAAR,Cobb469 Inc,Customer,Transportation,500,36132,USA
0012w00000Lz0aYAAR,Moore470 Inc,Customer,Electronics,500,36154,Switzerland
0012w00000Lz0aZAAR,Holloway471 Inc,Partner,Biotechnology,500,36176,Normway
0012w00000Lz0aaAAB,Padilla472 Inc,Customer,Consulting,500,36198,Canada
0012w00000Lz0abAAB,Cross473 Inc,Customer,Retail,500,36220,India
0012w00000Lz0acAAB,Bridges474 Inc,Partner,Technology,500,36242,France
0012w00000Lz0adAAB,Chapman475 Inc,Partner,Media,500,36264,Singapore
0012w00000Lz0aeAAB,Hunt476 Inc,Customer,Finance,500,36286,Canada
0012w00000Lz0afAAB,Stanley477 Inc,Partner,Engineering,500,36308,Japan
0012w00000Lz0agAAB,Schmidt478 Inc,Customer,Technology,500,36330,Korea
0012w00000Lz0ahAAB,Bowman479 Inc,Customer,Manufacturing,1000,36352,Denmark
0012w00000Lz0fyAAB,Goodman883 Inc,Partner,Energy,900,58130,Italy
0012w00000Lz0fzAAB,Stevenson884 Inc,Customer,Education,900,58190,Sweden
0012w00000Lz0g0AAB,Banks885 Inc,Customer,Transportation,900,59111,Canada
0012w00000Lz0g1AAB,Bailey886 Inc,Customer,Electronics,900,59112,USA
0012w00000Lz0g2AAB,McKenzie887 Inc,Customer,Media,900,59113,Canada
0012w00000Lz0g3AAB,Alvarez888 Inc,Partner,Biotechnology,900,59120,Thailand
0012w00000Lz0g4AAB,Carr889 Inc,Customer,Communications,900,59131,Canada
0012w00000Lz0g5AAB,Brock890 Inc,Customer,Transportation,900,59132,India
0012w00000Lz0g6AAB,Henderson891 Inc,Customer,Banking,900,59133,Thailand
0012w00000Lz0g7AAB,Christensen892 Inc,Customer,Healthcare,900,47110,Canada
0012w00000Lz0g8AAB,Bailey893 Inc,Customer,Electronics,900,47190,Canada
0012w00000Lz0g9AAB,Beck894 Inc,Customer,Agriculture,900,47250,United Kingdom
0012w00000Lz0gAAAR,King97 Inc,Customer,Finance,900,47591,Taiwan
0012w00000Lz0gBAAR,Chandler98 Inc,Partner,Insurance,900,47640,Canada
0012w00000Lz0gCAAR,Parks99 Inc,Partner,Manufacturing,900,47650,USA
0012w00000Lz0gDAAR,Floyd100 Inc,Customer,Healthcare,900,47750,Australia
0012w00000Lz0gEAAR,Love101 Inc,Customer,Manufacturing,900,47781,Hong Kong
0012w00000Lz0gFAAR,Ruiz102 Inc,Customer,Agriculture,900,47910,Canada
0012w00000Lz0gGAAR,Ortega103 Inc,Customer,Biotechnology,900,47110,Canada
0012w00000Lz0gHAAR,Moran104 Inc,Customer,Energy,900,47190,USA
0012w00000Lz0gIAAR,Nichols105 Inc,Partner,Engineering,900,47250,Sweden
0012w00000Lz0gJAAR,Byrd106 Inc,Customer,Consulting,900,47591,Australia
0012w00000Lz0gKAAR,Hines107 Inc,Customer,Energy,900,47640,USA
0012w00000Lz0gLAAR,Dixon108 Inc,Customer,Retail,900,47650,Thailand
0012w00000Lz0gMAAR,Warner109 Inc,Customer,Media,900,47750,USA
0012w00000Lz0U9AAJ,Salazar150 Inc,Customer,Utilities,5000,1610,United Kingdom
0012w00000Lz0UAAAZ,McGuire151 Inc,Customer,Transportation,5000,1629,Russian
0012w00000Lz0UBAAZ,Butler152 Inc,Partner,Electronics,5000,2400,Canada
0012w00000Lz0ajAAB,Allen481 Inc,Customer,Technology,1000,36396,USA
0012w00000Lz0akAAB,Guzman482 Inc,Partner,Finance,1000,36418,Canada
0012w00000Lz0alAAB,Long647 Inc,Customer,Healthcare,1000,36440,Hong Kong
0012w00000Lz0amAAB,Soto648 Inc,Customer,Agriculture,1000,36462,Canada
0012w00000Lz0anAAB,Martinez649 Inc,Partner,Apparel,1000,36484,Germany
0012w00000Lz0aoAAB,Cummings650 Inc,Customer,Energy,1000,36506,Japan
0012w00000Lz0apAAB,Hines651 Inc,Customer,Technology,1000,36528,Korea
0012w00000Lz0aqAAB,Colon652 Inc,Customer,Banking,1000,36550,USA
0012w00000Lz0arAAB,Warren653 Inc,Partner,Retail,1000,36572,France
0012w00000Lz0asAAB,Fleming654 Inc,Partner,Insurance,1000,36594,USA
0012w00000Lz0atAAB,Dixon655 Inc,Customer,Insurance,1000,36616,Spain
0012w00000Lz0auAAB,Russell656 Inc,Customer,Agriculture,1000,36638,Belgium
0012w00000Lz0aiAAB,Moss480 Inc,Partner,Engineering,1000,36374,USA
0012w00000Lz0avAAB,Benson657 Inc,Customer,Communications,1000,36660,USA
0012w00000Lz0awAAB,McDonald658 Inc,Customer,Agriculture,1000,36682,China
0012w00000Lz0axAAB,Long659 Inc,Partner,Apparel,1000,36704,USA
0012w00000Lz0ayAAB,Hicks660 Inc,Customer,Electronics,1000,36726,USA
0012w00000Lz0azAAB,Bass661 Inc,Partner,Agriculture,1000,36748,USA
0012w00000Lz0b0AAB,Nichols662 Inc,Partner,Manufacturing,1000,36770,Singapore
0012w00000Lz0b1AAB,Simmons663 Inc,Partner,Energy,1000,43290,Thailand
0012w00000Lz0b2AAB,Palmer664 Inc,Customer,Retail,1000,46610,Belgium
0012w00000Lz0b3AAB,Woods665 Inc,Partner,Manufacturing,1000,46620,Australia
0012w00000Lz0b4AAB,Higgins666 Inc,Customer,Media,1000,46630,Normway
0012w00000Lz0b5AAB,Newman667 Inc,Customer,Apparel,1000,46640,Japan
0012w00000Lz0b6AAB,Rogers668 Inc,Partner,Finance,1000,46690,Brazil
0012w00000Lz0gOAAR,Cannon111 Inc,Customer,Finance,900,47910,Italy
0012w00000Lz0gPAAR,Schultz112 Inc,Partner,Technology,900,47110,USA
0012w00000Lz0gQAAR,Pittman113 Inc,Customer,Manufacturing,900,47190,Canada
0012w00000Lz0gRAAR,Ramsey114 Inc,Customer,Manufacturing,900,47250,Canada
0012w00000Lz0gSAAR,Parks115 Inc,Customer,Apparel,900,47591,India
0012w00000Lz0gTAAR,Guzman116 Inc,Customer,Retail,900,47640,Mexico
0012w00000Lz0gUAAR,Cook117 Inc,Customer,Energy,900,47650,Thailand
0012w00000Lz0gVAAR,Webster118 Inc,Partner,Engineering,900,47750,Canada
0012w00000Lz0gWAAR,Francis119 Inc,Customer,Healthcare,900,47781,Turkey
0012w00000Lz0gXAAR,Jackson120 Inc,Customer,Consulting,900,47910,Sweden
0012w00000Lz0gYAAR,Malone121 Inc,Customer,Biotechnology,900,47110,United Kingdom
0012w00000Lz0gZAAR,Hansen313 Inc,Customer,Technology,900,47190,Italy
0012w00000Lz0gNAAR,Medina110 Inc,Customer,Banking,900,47781,Normway
0012w00000Lz0gaAAB,Cook314 Inc,Customer,Utilities,900,47250,USA
0012w00000Lz0gbAAB,Malone315 Inc,Customer,Engineering,900,47591,Russian
0012w00000Lz0gcAAB,Page316 Inc,Customer,Engineering,900,47640,USA
0012w00000Lz0gdAAB,Diaz317 Inc,Partner,Insurance,900,47650,Taiwan
0012w00000Lz0geAAB,Brewer318 Inc,Customer,Utilities,900,47750,Canada
0012w00000Lz0gfAAB,Stewart319 Inc,Partner,Energy,900,47781,Canada
0012w00000Lz0ggAAB,Myers320 Inc,Partner,Agriculture,900,47910,Japan
0012w00000Lz0ghAAB,Tate321 Inc,Customer,Apparel,900,47110,France
0012w00000Lz0giAAB,Fowler322 Inc,Partner,Apparel,900,47190,Canada
0012w00000Lz0gjAAB,Marsh323 Inc,Customer,Media,900,47250,USA
0012w00000Lz0gkAAB,Cortez324 Inc,Partner,Utilities,900,47591,Germany
0012w00000Lz0glAAB,Dennis325 Inc,Partner,Engineering,900,47640,Canada
0012w00000Lz0UCAAZ,Miles153 Inc,Partner,Education,5000,3220,Italy
0012w00000Lz0UDAAZ,Mann154 Inc,Customer,Apparel,5000,1610,Korea
0012w00000Lz0UEAAZ,Reyes155 Inc,Customer,Banking,5000,1629,Switzerland
0012w00000Lz0UFAAZ,Nguyen156 Inc,Customer,Healthcare,5000,2400,Italy
0012w00000Lz0UGAAZ,Fletcher157 Inc,Customer,Communications,5000,3220,Spain
0012w00000Lz0UHAAZ,Parsons158 Inc,Partner,Biotechnology,5000,1610,Korea
0012w00000Lz0UIAAZ,Flores159 Inc,Customer,Media,5000,1629,Brazil
0012w00000Lz0UJAAZ,Shaw160 Inc,Customer,Education,5000,2400,France
0012w00000Lz0UKAAZ,Dawson161 Inc,Customer,Education,5000,3220,India
0012w00000Lz0ULAAZ,McCarthy162 Inc,Partner,Technology,5000,1610,Korea
0012w00000Lz0UMAAZ,Lopez363 Inc,Customer,Media,5000,1629,Russian
0012w00000Lz0UNAAZ,Ross364 Inc,Customer,Insurance,5000,2400,Normway
0012w00000Lz0UOAAZ,Luna365 Inc,Partner,Banking,5000,74100,USA
0012w00000Lz0UPAAZ,Moreno366 Inc,Customer,Technology,5000,47710,Canada
0012w00000Lz0UQAAZ,Clarke367 Inc,Customer,Healthcare,5000,47721,Turkey
0012w00000Lz0URAAZ,Dunn368 Inc,Customer,Biotechnology,5000,47722,USA
0012w00000Lz0USAAZ,Coleman369 Inc,Customer,Media,5000,74100,Canada
0012w00000Lz0UTAAZ,Beck370 Inc,Customer,Finance,5000,47710,Hong Kong
0012w00000Lz0UUAAZ,Dennis371 Inc,Customer,Insurance,5000,47721,Brazil
0012w00000Lz0UVAAZ,Abbott372 Inc,Partner,Consulting,5000,47722,USA
0012w00000Lz0UWAAZ,Duncan373 Inc,Partner,Education,5000,74100,Japan
0012w00000Lz0UXAAZ,Fuller374 Inc,Customer,Agriculture,5000,47710,USA
0012w00000Lz0UYAAZ,Klein375 Inc,Customer,Insurance,5000,47721,Canada
0012w00000Lz0UZAAZ,Dixon376 Inc,Customer,Biotechnology,5000,47722,USA
0012w00000Lz0b7AAB,Moore669 Inc,Customer,Insurance,1000,47410,Belgium
0012w00000Lz0b8AAB,Maxwell670 Inc,Customer,Media,1000,43290,USA
0012w00000Lz0b9AAB,Cooper671 Inc,Customer,Communications,1000,46610,USA
0012w00000Lz0bAAAR,Green672 Inc,Partner,Biotechnology,1000,46620,Korea
0012w00000Lz0bBAAR,Fleming816 Inc,Customer,Insurance,1000,46630,Germany
0012w00000Lz0bCAAR,Colon817 Inc,Customer,Media,1000,46640,Canada
0012w00000Lz0bDAAR,King818 Inc,Customer,Telecommunications,1000,46690,China
0012w00000Lz0bEAAR,Larson819 Inc,Partner,Consulting,1000,47410,China
0012w00000Lz0bFAAR,Green820 Inc,Partner,Apparel,1000,43290,France
0012w00000Lz0bGAAR,Strickland821 Inc,Customer,Media,1000,46610,USA
0012w00000Lz0bHAAR,Flowers822 Inc,Partner,Energy,1000,46620,USA
0012w00000Lz0bIAAR,Flores823 Inc,Customer,Education,1000,46630,Korea
0012w00000Lz0bJAAR,Richardson824 Inc,Partner,Media,1000,46640,Thailand
0012w00000Lz0bKAAR,Shelton825 Inc,Customer,Banking,1000,46690,China
0012w00000Lz0bLAAR,Romero826 Inc,Customer,Manufacturing,1000,47410,India
0012w00000Lz0bMAAR,Fuller827 Inc,Customer,Apparel,1000,43290,Canada
0012w00000Lz0bNAAR,Hart828 Inc,Customer,Electronics,1000,46610,Germany
0012w00000Lz0bOAAR,Nelson829 Inc,Customer,Media,1000,46620,Japan
0012w00000Lz0bPAAR,Rios830 Inc,Customer,Apparel,1000,46630,USA
0012w00000Lz0bQAAR,Greer831 Inc,Customer,Finance,1000,46640,Denmark
0012w00000Lz0bRAAR,Floyd832 Inc,Customer,Banking,1000,46690,Turkey
0012w00000Lz0bSAAR,Porter833 Inc,Customer,Education,1000,47410,China
0012w00000Lz0bTAAR,Lane834 Inc,Customer,Transportation,1000,43290,USA
0012w00000Lz0bUAAR,Ford835 Inc,Partner,Insurance,1000,46610,Singapore
0012w00000Lz0bVAAR,Marsh836 Inc,Customer,Insurance,1000,46620,USA
0012w00000Lz0gmAAB,Haynes326 Inc,Customer,Media,900,47650,Canada
0012w00000Lz0gnAAB,Ellis327 Inc,Customer,Banking,900,47750,Korea
0012w00000Lz0goAAB,Black328 Inc,Partner,Retail,900,47781,Korea
0012w00000Lz0gpAAB,Gill329 Inc,Partner,Insurance,900,18202,Canada
0012w00000Lz0gqAAB,Hale330 Inc,Partner,Insurance,900,18203,USA
0012w00000Lz0grAAB,Hill331 Inc,Customer,Apparel,900,47430,USA
0012w00000Lz0gsAAB,Hicks332 Inc,Customer,Energy,900,47741,China
0012w00000Lz0gtAAB,Rowe333 Inc,Customer,Communications,900,62011,Canada
0012w00000Lz0guAAB,Pittman334 Inc,Customer,Finance,900,62090,Canada
0012w00000Lz0gvAAB,Adams335 Inc,Customer,Electronics,900,18202,Hong Kong
0012w00000Lz0gwAAB,Atkins336 Inc,Customer,Finance,900,18203,Mexico
0012w00000Lz0gxAAB,Mitchell534 Inc,Customer,Education,900,47430,Normway
0012w00000Lz0gyAAB,Duncan535 Inc,Partner,Finance,900,47741,Canada
0012w00000Lz0gzAAB,Crawford536 Inc,Customer,Energy,900,62011,Canada
0012w00000Lz0h0AAB,Morton537 Inc,Customer,Transportation,900,62090,Canada
0012w00000Lz0h1AAB,Conner538 Inc,Partner,Retail,900,18202,Japan
0012w00000Lz0h2AAB,Tran539 Inc,Customer,Finance,900,18203,USA
0012w00000Lz0h3AAB,Davis540 Inc,Customer,Consulting,900,47430,Canada
0012w00000Lz0h4AAB,Morris541 Inc,Partner,Technology,900,47741,USA
0012w00000Lz0h5AAB,McKinney542 Inc,Customer,Education,900,62011,Thailand
0012w00000Lz0h6AAB,Barnett543 Inc,Partner,Consulting,900,62090,Hong Kong
0012w00000Lz0h7AAB,Potter544 Inc,Partner,Retail,900,18202,Canada
0012w00000Lz0h8AAB,Freeman545 Inc,Partner,Healthcare,900,18203,Spain
0012w00000Lz0h9AAB,Caldwell546 Inc,Partner,Apparel,900,47430,Italy
0012w00000Lz0hAAAR,Bowen547 Inc,Customer,Healthcare,900,47741,France
0012w00000Lz0UaAAJ,Rivera377 Inc,Partner,Energy,5000,74100,Sweden
0012w00000Lz0UbAAJ,Armstrong378 Inc,Customer,Insurance,5000,47710,Canada
0012w00000Lz0UcAAJ,Banks379 Inc,Partner,Apparel,5000,47721,Japan
0012w00000Lz0UdAAJ,Nash380 Inc,Customer,Banking,5000,47722,Normway
0012w00000Lz0UeAAJ,Webb381 Inc,Customer,Apparel,5000,74100,Denmark
0012w00000Lz0UfAAJ,Robinson382 Inc,Partner,Agriculture,5000,47710,China
0012w00000Lz0UgAAJ,Houston383 Inc,Customer,Electronics,5000,47721,USA
0012w00000Lz0UhAAJ,Rios384 Inc,Partner,Insurance,5000,47722,Japan
0012w00000Lz0UiAAJ,Rivera385 Inc,Customer,Apparel,5000,74100,Japan
0012w00000Lz0UjAAJ,Arnold386 Inc,Customer,Retail,5000,47710,Canada
0012w00000Lz0UkAAJ,Banks163 Inc,Customer,Technology,5000,47721,USA
0012w00000Lz0UlAAJ,King177 Inc,Customer,Telecommunications,5000,47722,USA
0012w00000Lz0UmAAJ,Morrison178 Inc,Customer,Apparel,5000,74100,Normway
0012w00000Lz0UnAAJ,Perez179 Inc,Customer,Engineering,5000,47710,Taiwan
0012w00000Lz0UoAAJ,Quinn180 Inc,Customer,Media,5000,47721,USA
0012w00000Lz0UpAAJ,Martinez181 Inc,Customer,Biotechnology,5000,47722,USA
0012w00000Lz0UqAAJ,Allen182 Inc,Customer,Apparel,5000,74100,Switzerland
0012w00000Lz0UrAAJ,Williamson183 Inc,Partner,Apparel,5000,47710,Canada
0012w00000Lz0UsAAJ,Crawford184 Inc,Customer,Education,5000,47721,Canada
0012w00000Lz0UtAAJ,Klein185 Inc,Customer,Banking,5000,47722,Switzerland
0012w00000Lz0UuAAJ,Reed186 Inc,Customer,Retail,5000,74100,Germany
0012w00000Lz0UvAAJ,Duncan187 Inc,Partner,Energy,5000,47710,Italy
0012w00000Lz0UwAAJ,Christensen164 Inc,Customer,Electronics,5000,47721,Japan
0012w00000Lz0UxAAJ,Webb165 Inc,Customer,Apparel,5000,47722,Canada
0012w00000Lz0bWAAR,Day837 Inc,Customer,Energy,1000,46630,Korea
0012w00000Lz0bXAAR,Cobb838 Inc,Customer,Electronics,1000,46640,USA
0012w00000Lz0bYAAR,Ramos839 Inc,Customer,Engineering,1000,46690,Canada
0012w00000Lz0bZAAR,Christensen840 Inc,Customer,Technology,1000,47410,Brazil
0012w00000Lz0baAAB,Schneider841 Inc,Customer,Electronics,1000,43290,India
0012w00000Lz0bbAAB,Holland842 Inc,Customer,Engineering,1000,46610,USA
0012w00000Lz0bcAAB,Grant962 Inc,Customer,Transportation,1000,46620,Spain
0012w00000Lz0bdAAB,Boone963 Inc,Customer,Insurance,1000,46630,United Kingdom
0012w00000Lz0beAAB,Pena964 Inc,Customer,Electronics,1000,46640,Canada
0012w00000Lz0bfAAB,Conner965 Inc,Customer,Insurance,1000,46690,Germany
0012w00000Lz0bgAAB,Barnett966 Inc,Customer,Electronics,1000,47410,Italy
0012w00000Lz0bhAAB,May967 Inc,Customer,Manufacturing,1000,43290,Belgium
0012w00000Lz0biAAB,Gross968 Inc,Customer,Agriculture,1000,46610,USA
0012w00000Lz0bjAAB,Rivera969 Inc,Customer,Manufacturing,1000,46620,Canada
0012w00000Lz0bkAAB,Nash970 Inc,Customer,Engineering,1000,46630,Australia
0012w00000Lz0blAAB,Kim971 Inc,Customer,Transportation,1000,46640,USA
0012w00000Lz0bmAAB,Wagner972 Inc,Customer,Media,1000,46690,China
0012w00000Lz0bnAAB,Owens973 Inc,Customer,Energy,1000,47410,Russian
0012w00000Lz0boAAB,Cummings974 Inc,Customer,Agriculture,1000,43290,Mexico
0012w00000Lz0bpAAB,Myers975 Inc,Customer,Transportation,1000,46610,Italy
0012w00000Lz0bqAAB,Obrien976 Inc,Customer,Healthcare,1000,46620,USA
0012w00000Lz0brAAB,Marshall977 Inc,Customer,Insurance,1000,46630,Japan
0012w00000Lz0bsAAB,Mack978 Inc,Customer,Engineering,1000,46640,Canada
0012w00000Lz0btAAB,Roberts979 Inc,Partner,Banking,1000,46690,USA
0012w00000Lz0hBAAR,Torres548 Inc,Customer,Biotechnology,900,62011,Spain
0012w00000Lz0hCAAR,Phelps549 Inc,Customer,Finance,900,62090,USA
0012w00000Lz0hDAAR,Garza550 Inc,Customer,Insurance,900,18202,USA
0012w00000Lz0hEAAR,Owens551 Inc,Partner,Consulting,900,18203,Japan
0012w00000Lz0hFAAR,Phillips552 Inc,Customer,Insurance,400,47430,Canada
0012w00000Lz0hGAAR,Long553 Inc,Customer,Engineering,400,47741,Canada
0012w00000Lz0hHAAR,Gibbs554 Inc,Partner,Media,400,62011,Normway
0012w00000Lz0hIAAR,Stone555 Inc,Customer,Electronics,400,62090,Italy
0012w00000Lz0hJAAR,Pittman556 Inc,Customer,Consulting,400,18202,Canada
0012w00000Lz0hKAAR,Clayton557 Inc,Partner,Apparel,400,18203,Australia
0012w00000Lz0hLAAR,Smith558 Inc,Partner,Electronics,400,47430,Canada
0012w00000Lz0hMAAR,Williamson719 Inc,Partner,Technology,400,47741,Singapore
0012w00000Lz0hNAAR,Munoz720 Inc,Customer,Engineering,400,62011,Canada
0012w00000Lz0hOAAR,Robertson721 Inc,Customer,Education,400,62090,USA
0012w00000Lz0hPAAR,Phillips722 Inc,Partner,Manufacturing,400,18202,USA
0012w00000Lz0hQAAR,Wade723 Inc,Customer,Banking,400,18203,Canada
0012w00000Lz0hRAAR,Munoz724 Inc,Customer,Agriculture,400,47430,India
0012w00000Lz0hSAAR,Jones725 Inc,Customer,Finance,400,47741,Canada
0012w00000Lz0hTAAR,Cole726 Inc,Customer,Consulting,400,62011,Germany
0012w00000Lz0hUAAR,Wallace727 Inc,Customer,Transportation,400,62090,Singapore
0012w00000Lz0hVAAR,Ellis728 Inc,Customer,Utilities,400,18202,Italy
0012w00000Lz0hWAAR,Jensen729 Inc,Partner,Consulting,400,18203,Canada
0012w00000Lz0hXAAR,Joseph730 Inc,Customer,Energy,400,47430,Canada
0012w00000Lz0UzAAJ,Stone167 Inc,Partner,Energy,5000,47710,USA
0012w00000Lz0V0AAJ,Newman168 Inc,Partner,Apparel,5000,47721,United Kingdom
0012w00000Lz0V1AAJ,Baker169 Inc,Customer,Consulting,5000,47722,China
0012w00000Lz0V2AAJ,Coleman170 Inc,Customer,Banking,5000,74100,Taiwan
0012w00000Lz0V3AAJ,Olson171 Inc,Customer,Transportation,5000,47710,United Kingdom
0012w00000Lz0V4AAJ,Carter172 Inc,Partner,Utilities,5000,47721,Australia
0012w00000Lz0V5AAJ,Greer173 Inc,Customer,Transportation,5000,47722,Canada
0012w00000Lz0V6AAJ,Jordan174 Inc,Customer,Healthcare,5000,74100,India
0012w00000Lz0V7AAJ,Wise175 Inc,Partner,Insurance,5000,47710,USA
0012w00000Lz0V8AAJ,Carpenter176 Inc,Partner,Energy,5000,47721,Japan
0012w00000Lz0V9AAJ,Flores188 Inc,Customer,Retail,5000,47722,Canada
0012w00000Lz0VAAAZ,Hoffman387 Inc,Partner,Transportation,5000,74100,Canada
0012w00000Lz0UyAAJ,Figueroa166 Inc,Customer,Utilities,5000,74100,Belgium
0012w00000Lz0VBAAZ,Ross388 Inc,Customer,Education,5000,47710,USA
0012w00000Lz0VCAAZ,Fleming389 Inc,Customer,Manufacturing,5000,47721,Switzerland
0012w00000Lz0VDAAZ,Gardner390 Inc,Customer,Energy,5000,47722,Germany
0012w00000Lz0VEAAZ,Stephens391 Inc,Customer,Insurance,5000,74100,Canada
0012w00000Lz0VFAAZ,Pratt392 Inc,Partner,Retail,5000,47710,Russian
0012w00000Lz0VGAAZ,Wilson393 Inc,Customer,Education,5000,47721,Brazil
0012w00000Lz0VHAAZ,Robinson394 Inc,Customer,Education,5000,47722,Italy
0012w00000Lz0VIAAZ,Rivera395 Inc,Customer,Engineering,8000,74100,USA
0012w00000Lz0VJAAZ,Cook396 Inc,Partner,Finance,8000,47710,Singapore
0012w00000Lz0VKAAZ,Warren397 Inc,Customer,Education,8000,47721,USA
0012w00000Lz0buAAB,Parsons980 Inc,Customer,Insurance,1000,47410,USA
0012w00000Lz0bvAAB,Flowers981 Inc,Customer,Telecommunications,1000,43290,USA
0012w00000Lz0bwAAB,Mack982 Inc,Customer,Banking,1000,46610,India
0012w00000Lz0bxAAB,Hawkins983 Inc,Customer,Retail,10000,46620,USA
0012w00000Lz0byAAB,McGuire984 Inc,Customer,Utilities,10000,46630,Canada
0012w00000Lz0bzAAB,Jimenez985 Inc,Customer,Engineering,10000,46640,Australia
0012w00000Lz0c0AAB,Cooper986 Inc,Partner,Engineering,10000,46690,USA
0012w00000Lz0c1AAB,Summers987 Inc,Customer,Transportation,10000,64209,Spain
0012w00000Lz0c2AAB,Gibbs52 Inc,Customer,Media,10000,64301,USA
0012w00000Lz0c3AAB,Brown53 Inc,Partner,Technology,10000,64302,Mexico
0012w00000Lz0c4AAB,Walsh54 Inc,Customer,Telecommunications,10000,64303,Italy
0012w00000Lz0c5AAB,Leonard55 Inc,Customer,Transportation,10000,64304,Taiwan
0012w00000Lz0c6AAB,Martin56 Inc,Partner,Telecommunications,10000,64305,USA
0012w00000Lz0c7AAB,Manning57 Inc,Customer,Engineering,10000,64306,USA
0012w00000Lz0c8AAB,Daniel58 Inc,Customer,Manufacturing,10000,64910,Belgium
0012w00000Lz0c9AAB,Doyle59 Inc,Customer,Biotechnology,10000,64992,Japan
0012w00000Lz0cAAAR,Stokes60 Inc,Customer,Technology,10000,64999,Spain
0012w00000Lz0cBAAR,Hines61 Inc,Customer,Manufacturing,10000,64209,Spain
0012w00000Lz0cCAAR,Gibson62 Inc,Customer,Healthcare,10000,64301,Normway
0012w00000Lz0cDAAR,Rhodes63 Inc,Partner,Insurance,10000,64302,Normway
0012w00000Lz0cEAAR,Lopez64 Inc,Customer,Consulting,10000,64303,USA
0012w00000Lz0cFAAR,Reed65 Inc,Customer,Electronics,10000,64304,Brazil
0012w00000Lz0cGAAR,Wells66 Inc,Customer,Apparel,10000,64305,India
0012w00000Lz0cHAAR,Carpenter67 Inc,Customer,Manufacturing,10000,64306,Canada
0012w00000Lz0cIAAR,Figueroa68 Inc,Customer,Engineering,10000,64910,India
0012w00000Lz0hYAAR,Cortez731 Inc,Customer,Banking,400,47741,Australia
0012w00000Lz0hZAAR,McGuire732 Inc,Customer,Consulting,400,62011,Turkey
0012w00000Lz0haAAB,Fleming733 Inc,Partner,Agriculture,400,62090,France
0012w00000Lz0hbAAB,Hopkins734 Inc,Customer,Engineering,400,18202,Switzerland
0012w00000Lz0hcAAB,Jordan735 Inc,Customer,Manufacturing,400,18203,China
0012w00000Lz0hdAAB,Schneider736 Inc,Customer,Engineering,400,47430,Spain
0012w00000Lz0heAAB,Sanchez737 Inc,Customer,Engineering,400,47741,Japan
0012w00000Lz0hfAAB,Ferguson738 Inc,Partner,Technology,400,62011,Japan
0012w00000Lz0hgAAB,Hopkins739 Inc,Customer,Education,400,62090,USA
0012w00000Lz0hhAAB,Berry740 Inc,Customer,Biotechnology,400,18202,Italy
0012w00000Lz0hiAAB,Grant741 Inc,Customer,Energy,400,18203,Switzerland
0012w00000Lz0hjAAB,Grant742 Inc,Customer,Utilities,400,47430,Australia
0012w00000Lz0hkAAB,Mitchell743 Inc,Customer,Energy,400,47741,Canada
0012w00000Lz0hlAAB,Carlson744 Inc,Partner,Banking,400,62011,USA
0012w00000Lz0hmAAB,Rogers895 Inc,Partner,Biotechnology,400,62090,USA
0012w00000Lz0hnAAB,Maxwell896 Inc,Customer,Banking,400,18202,USA
0012w00000Lz0hoAAB,Santos897 Inc,Partner,Energy,400,18203,Canada
0012w00000Lz0hpAAB,James898 Inc,Customer,Manufacturing,400,47430,Canada
0012w00000Lz0hqAAB,Lindsey899 Inc,Partner,Technology,400,47741,USA
0012w00000Lz0hrAAB,Luna900 Inc,Customer,Energy,400,62011,USA
0012w00000Lz0hsAAB,Holt901 Inc,Customer,Technology,400,62090,Spain
0012w00000Lz0htAAB,Dean902 Inc,Customer,Education,400,18202,Australia
0012w00000Lz0huAAB,Elliott903 Inc,Customer,Media,400,47421,Belgium
0012w00000Lz0hvAAB,Mann904 Inc,Customer,Transportation,400,47429,USA
0012w00000Lz0hwAAB,Park905 Inc,Customer,Technology,400,61100,Japan
0012w00000Lz0VMAAZ,Pittman399 Inc,Customer,Manufacturing,8000,74100,USA
0012w00000Lz0VNAAZ,Owens400 Inc,Customer,Telecommunications,8000,47710,USA
0012w00000Lz0VOAAZ,Tucker401 Inc,Customer,Communications,8000,47721,Japan
0012w00000Lz0VPAAZ,Briggs402 Inc,Customer,Finance,8000,47722,Taiwan
0012w00000Lz0VQAAZ,Scott403 Inc,Partner,Agriculture,8000,74100,USA
0012w00000Lz0VRAAZ,Watson404 Inc,Customer,Agriculture,8000,47710,Brazil
0012w00000Lz0VSAAZ,Henry405 Inc,Customer,Energy,8000,47721,United Kingdom
0012w00000Lz0VTAAZ,Gordon406 Inc,Customer,Engineering,8000,47722,Denmark
0012w00000Lz0VUAAZ,Oliver407 Inc,Customer,Utilities,8000,74100,Brazil
0012w00000Lz0VVAAZ,Myers408 Inc,Partner,Technology,8000,64191,USA
0012w00000Lz0VWAAZ,Gonzales409 Inc,Customer,Engineering,8000,64192,Denmark
0012w00000Lz0VXAAZ,Myers581 Inc,Customer,Consulting,8000,64205,Canada
0012w00000Lz0VYAAZ,Flores582 Inc,Partner,Technology,8000,64929,USA
0012w00000Lz0VZAAZ,Schultz583 Inc,Partner,Apparel,8000,64991,Sweden
0012w00000Lz0VLAAZ,Brewer398 Inc,Customer,Media,8000,47722,Canada
0012w00000Lz0VaAAJ,Guerrero584 Inc,Customer,Banking,8000,66110,Thailand
0012w00000Lz0VbAAJ,Gill585 Inc,Customer,Finance,8000,64191,Russian
0012w00000Lz0VcAAJ,McCoy586 Inc,Customer,Technology,8000,64192,USA
0012w00000Lz0VdAAJ,Griffin587 Inc,Customer,Communications,8000,64205,Korea
0012w00000Lz0VeAAJ,Owens588 Inc,Customer,Transportation,8000,64929,Germany
0012w00000Lz0VfAAJ,Jackson589 Inc,Customer,Consulting,8000,64991,Taiwan
0012w00000Lz0VgAAJ,Perez590 Inc,Customer,Retail,8000,66110,USA
0012w00000Lz0VhAAJ,Klein591 Inc,Customer,Biotechnology,8000,64191,Korea
0012w00000Lz0cJAAR,Sharp69 Inc,Customer,Electronics,10000,64992,USA
0012w00000Lz0cKAAR,Harper70 Inc,Partner,Education,10000,64999,Denmark
0012w00000Lz0cLAAR,Reese71 Inc,Partner,Insurance,10000,64209,Mexico
0012w00000Lz0hxAAB,Bennett906 Inc,Partner,Technology,400,61200,Japan
0012w00000Lz0hyAAB,Adkins907 Inc,Customer,Transportation,400,61300,USA
0012w00000Lz0hzAAB,Sharp908 Inc,Customer,Banking,400,61900,USA
0012w00000Lz0i0AAB,Carson909 Inc,Customer,Technology,400,47421,Canada
0012w00000Lz0i1AAB,Davis910 Inc,Customer,Communications,400,47429,USA
0012w00000Lz0i2AAB,Ferguson911 Inc,Customer,Technology,400,61100,Normway
0012w00000Lz0i3AAB,Robinson912 Inc,Customer,Biotechnology,400,61200,Canada
0012w00000Lz0i4AAB,Richards913 Inc,Customer,Electronics,400,61300,Canada
0012w00000Lz0i5AAB,Ingram914 Inc,Customer,Media,400,61900,Taiwan
0012w00000Lz0i6AAB,Dixon915 Inc,Customer,Biotechnology,400,47421,Denmark
0012w00000Lz0i7AAB,Mullins916 Inc,Partner,Engineering,400,47429,Japan
0012w00000Lz0i8AAB,Malone917 Inc,Partner,Agriculture,400,61100,Canada
0012w00000Lz0i9AAB,Walters918 Inc,Partner,Consulting,400,61200,Denmark
0012w00000Lz0iAAAR,Love919 Inc,Customer,Apparel,400,61300,Normway
0012w00000Lz0iBAAR,Griffin920 Inc,Customer,Biotechnology,400,61900,USA
0012w00000Lz0iCAAR,Cunningham337 Inc,Customer,Retail,400,47421,Hong Kong
0012w00000Lz0iDAAR,Byrd338 Inc,Customer,Engineering,400,47429,Spain
0012w00000Lz0iEAAR,Poole339 Inc,Customer,Technology,400,61100,Singapore
0012w00000Lz0ViAAJ,Stone592 Inc,Customer,Banking,8000,64192,Japan
0012w00000Lz0VjAAJ,Yates593 Inc,Customer,Engineering,8000,64205,Japan
0012w00000Lz0VkAAJ,Benson594 Inc,Customer,Energy,8000,64929,USA
0012w00000Lz0VlAAJ,Mendez595 Inc,Partner,Banking,8000,64991,USA
0012w00000Lz0VmAAJ,Chambers596 Inc,Partner,Biotechnology,8000,66110,Brazil
0012w00000Lz0VnAAJ,Bishop597 Inc,Customer,Agriculture,8000,64191,United Kingdom
0012w00000Lz0VoAAJ,Black598 Inc,Partner,Manufacturing,8000,64192,Japan
0012w00000Lz0VpAAJ,Joseph599 Inc,Customer,Energy,8000,64205,USA
0012w00000Lz0VqAAJ,Hopkins600 Inc,Partner,Telecommunications,8000,64929,France
0012w00000Lz0VrAAJ,Rios771 Inc,Partner,Engineering,8000,64991,India
0012w00000Lz0VsAAJ,Rice189 Inc,Customer,Transportation,8000,66110,Belgium
0012w00000Lz0VtAAJ,Diaz190 Inc,Customer,Finance,8000,64191,Normway
0012w00000Lz0VuAAJ,Houston191 Inc,Customer,Energy,8000,64192,Canada
0012w00000Lz0VvAAJ,Lee192 Inc,Customer,Engineering,8000,64205,Mexico
0012w00000Lz0VwAAJ,Curtis193 Inc,Customer,Retail,8000,64929,USA
0012w00000Lz0VxAAJ,Jensen194 Inc,Customer,Communications,8000,64991,Japan
0012w00000Lz0VyAAJ,Harris195 Inc,Partner,Transportation,8000,66110,Switzerland
0012w00000Lz0VzAAJ,Vasquez196 Inc,Customer,Utilities,8000,64191,Taiwan
0012w00000Lz0W0AAJ,Webster197 Inc,Customer,Communications,8000,64192,Japan
0012w00000Lz0W1AAJ,Perkins198 Inc,Customer,Transportation,8000,64205,Normway
0012w00000Lz0W2AAJ,Montgomery199 Inc,Customer,Transportation,8000,64929,Normway
0012w00000Lz0W3AAJ,Stokes200 Inc,Partner,Insurance,8000,64991,Italy
0012w00000Lz0W4AAJ,Austin201 Inc,Customer,Technology,8000,66110,Russian
0012w00000Lz0cMAAR,Leonard263 Inc,Customer,Insurance,10000,64301,USA
0012w00000Lz0cNAAR,Hansen264 Inc,Customer,Telecommunications,10000,64302,Canada
0012w00000Lz0cOAAR,Fields265 Inc,Partner,Telecommunications,10000,64303,Mexico
0012w00000Lz0cPAAR,Beck266 Inc,Partner,Communications,10000,64304,Canada
0012w00000Lz0cQAAR,Daniels267 Inc,Partner,Media,10000,64305,Hong Kong
0012w00000Lz0cRAAR,Clarke268 Inc,Customer,Education,10000,64306,Canada
0012w00000Lz0cSAAR,Anderson269 Inc,Customer,Biotechnology,10000,64910,Switzerland
0012w00000Lz0cTAAR,Elliott270 Inc,Partner,Engineering,10000,64992,Switzerland
0012w00000Lz0cUAAR,Bass271 Inc,Customer,Agriculture,10000,64999,Korea
0012w00000Lz0cVAAR,Cruz272 Inc,Customer,Insurance,10000,64209,USA
0012w00000Lz0cWAAR,Harper273 Inc,Partner,Manufacturing,10000,64301,Japan
0012w00000Lz0cXAAR,Adkins274 Inc,Customer,Finance,10000,64302,USA
0012w00000Lz0cYAAR,Lopez275 Inc,Customer,Engineering,10000,64303,Switzerland
0012w00000Lz0cZAAR,Hawkins276 Inc,Customer,Insurance,10000,64304,Switzerland
0012w00000Lz0caAAB,Dawson277 Inc,Customer,Manufacturing,10000,64305,Japan
0012w00000Lz0cbAAB,Douglas278 Inc,Partner,Agriculture,10000,64306,Mexico
0012w00000Lz0ccAAB,Harrison279 Inc,Partner,Retail,10000,86101,Australia
0012w00000Lz0cdAAB,George280 Inc,Customer,Agriculture,10000,86102,USA
0012w00000Lz0iFAAR,Massey340 Inc,Customer,Manufacturing,400,61200,Italy
0012w00000Lz0iGAAR,Garza341 Inc,Customer,Media,400,61300,India
0012w00000Lz0iHAAR,Simpson342 Inc,Customer,Media,400,61900,Canada
0012w00000Lz0iIAAR,Shaw343 Inc,Customer,Insurance,400,47421,Canada
0012w00000Lz0iJAAR,Clayton344 Inc,Customer,Manufacturing,400,47429,USA
0012w00000Lz0iKAAR,Armstrong345 Inc,Customer,Technology,400,61100,Denmark
0012w00000Lz0iLAAR,Benson346 Inc,Customer,Technology,400,61200,China
0012w00000Lz0iMAAR,Bowman347 Inc,Customer,Education,400,61300,USA
0012w00000Lz0iNAAR,Arnold348 Inc,Partner,Retail,400,61900,Mexico
0012w00000Lz0iOAAR,Webster349 Inc,Customer,Manufacturing,400,47421,USA
0012w00000Lz0iPAAR,Weaver350 Inc,Partner,Technology,400,77341,Turkey
0012w00000Lz0iQAAR,Vasquez351 Inc,Customer,Biotechnology,400,77351,Singapore
0012w00000Lz0iRAAR,Lowe352 Inc,Customer,Consulting,400,77352,Japan
0012w00000Lz0iSAAR,Jensen353 Inc,Customer,Transportation,400,80100,Japan
0012w00000Lz0iTAAR,Franklin354 Inc,Customer,Telecommunications,400,49100,USA
0012w00000Lz0iUAAR,Freeman355 Inc,Customer,Technology,400,49200,Canada
0012w00000Lz0iVAAR,Bennett356 Inc,Customer,Insurance,400,49311,USA
0012w00000Lz0iWAAR,Stewart357 Inc,Customer,Consulting,400,49319,Japan
0012w00000Lz0iXAAR,Abbott358 Inc,Customer,Media,400,49320,USA
0012w00000Lz0iYAAR,Mills359 Inc,Customer,Banking,400,49390,Canada
0012w00000Lz0iZAAR,Roy360 Inc,Customer,Insurance,400,77341,Taiwan
0012w00000Lz0iaAAB,Joseph361 Inc,Partner,Manufacturing,400,77351,Switzerland
0012w00000Lz0ibAAB,Richards362 Inc,Partner,Retail,400,77352,Singapore
0012w00000Lz0icAAB,Ross559 Inc,Partner,Energy,400,80100,Canada
0012w00000Lz0idAAB,Russell560 Inc,Customer,Education,400,49100,Japan
0012w00000Lz0W7AAJ,Howell204 Inc,Customer,Technology,8000,64205,Canada
0012w00000Lz0W8AAJ,Sandoval205 Inc,Customer,Manufacturing,8000,64929,Russian
0012w00000Lz0W9AAJ,Miller206 Inc,Partner,Biotechnology,8000,64991,Italy
0012w00000Lz0WAAAZ,Stone207 Inc,Customer,Banking,8000,66110,Russian
0012w00000Lz0WBAAZ,Thomas208 Inc,Customer,Energy,8000,64191,Hong Kong
0012w00000Lz0WCAAZ,Gonzales209 Inc,Customer,Utilities,8000,64192,Brazil
0012w00000Lz0WDAAZ,Romero210 Inc,Customer,Agriculture,8000,64205,USA
0012w00000Lz0WEAAZ,Simmons211 Inc,Customer,Banking,8000,64929,USA
0012w00000Lz0WFAAZ,Cannon212 Inc,Customer,Manufacturing,8000,64991,USA
0012w00000Lz0WGAAZ,Barker213 Inc,Customer,Insurance,8000,66110,India
0012w00000Lz0W5AAJ,Reeves202 Inc,Customer,Apparel,8000,64191,Sweden
0012w00000Lz0W6AAJ,Simmons203 Inc,Customer,Healthcare,8000,64192,USA
0012w00000Lz0WHAAZ,Vega214 Inc,Customer,Electronics,8000,64191,Russian
0012w00000Lz0WIAAZ,Pittman435 Inc,Customer,Biotechnology,8000,64192,Russian
0012w00000Lz0WJAAZ,Foster410 Inc,Customer,Media,8000,64205,Japan
0012w00000Lz0WKAAZ,Payne411 Inc,Customer,Communications,8000,64929,USA
0012w00000Lz0WLAAZ,Rodriquez412 Inc,Customer,Banking,8000,64991,USA
0012w00000Lz0WMAAZ,Hawkins413 Inc,Partner,Banking,8000,66110,Normway
0012w00000Lz0WNAAZ,Stone414 Inc,Partner,Communications,8000,64191,Japan
0012w00000Lz0WOAAZ,Daniel415 Inc,Customer,Technology,8000,64192,Brazil
0012w00000Lz0WPAAZ,West416 Inc,Customer,Energy,8000,64205,United Kingdom
0012w00000Lz0WQAAZ,Wells417 Inc,Customer,Manufacturing,8000,64929,Hong Kong
0012w00000Lz0WRAAZ,Tyler418 Inc,Partner,Electronics,8000,64991,Canada
0012w00000Lz0WSAAZ,Joseph419 Inc,Customer,Energy,8000,66110,Canada
0012w00000Lz0ceAAB,Evans281 Inc,Customer,Apparel,10000,86210,Singapore
0012w00000Lz0cfAAB,Munoz282 Inc,Customer,Manufacturing,10000,86220,Thailand
0012w00000Lz0cgAAB,Lucas283 Inc,Partner,Engineering,10000,86230,USA
0012w00000Lz0chAAB,Tucker284 Inc,Customer,Agriculture,10000,86900,Belgium
0012w00000Lz0ciAAB,Miles285 Inc,Partner,Electronics,10000,86101,USA
0012w00000Lz0cjAAB,Ellis286 Inc,Partner,Media,10000,86102,Singapore
0012w00000Lz0ckAAB,Vasquez483 Inc,Customer,Education,10000,86210,Canada
0012w00000Lz0clAAB,Norman484 Inc,Partner,Manufacturing,10000,86220,Hong Kong
0012w00000Lz0cmAAB,Newman485 Inc,Partner,Manufacturing,10000,86230,Canada
0012w00000Lz0cnAAB,Young486 Inc,Customer,Technology,10000,86900,USA
0012w00000Lz0coAAB,Underwood487 Inc,Customer,Apparel,10000,86101,USA
0012w00000Lz0cpAAB,Becker488 Inc,Customer,Transportation,10000,86102,Singapore
0012w00000Lz0cqAAB,Moss489 Inc,Customer,Banking,10000,86210,Denmark
0012w00000Lz0crAAB,Reese490 Inc,Customer,Communications,10000,86220,Germany
0012w00000Lz0csAAB,Lawrence491 Inc,Customer,Transportation,10000,86230,Canada
0012w00000Lz0ctAAB,Schwartz492 Inc,Customer,Media,10000,86900,Thailand
0012w00000Lz0cuAAB,Saunders493 Inc,Customer,Electronics,10000,86101,United Kingdom
0012w00000Lz0cvAAB,Higgins494 Inc,Customer,Media,10000,86102,Normway
0012w00000Lz0cwAAB,Brown495 Inc,Customer,Retail,10000,86210,USA
0012w00000Lz0cxAAB,Lowe496 Inc,Partner,Communications,10000,86220,Australia
0012w00000Lz0cyAAB,Medina497 Inc,Customer,Engineering,10000,86230,Spain
0012w00000Lz0czAAB,Doyle498 Inc,Partner,Transportation,10000,86900,Korea
0012w00000Lz0d0AAB,Gardner499 Inc,Partner,Banking,10000,86101,USA
0012w00000Lz0d1AAB,Howard500 Inc,Partner,Manufacturing,10000,86102,Korea
0012w00000Lz0d2AAB,Gill501 Inc,Customer,Telecommunications,10000,86210,Canada
0012w00000Lz0ieAAB,Watkins561 Inc,Partner,Finance,400,49200,USA
0012w00000Lz0ifAAB,Beck562 Inc,Customer,Banking,400,49311,Canada
0012w00000Lz0igAAB,Keller563 Inc,Customer,Insurance,400,49319,France
0012w00000Lz0ihAAB,Brady564 Inc,Customer,Electronics,400,49320,USA
0012w00000Lz0iiAAB,Austin565 Inc,Partner,Energy,400,49390,Canada
0012w00000Lz0ijAAB,Todd566 Inc,Partner,Technology,400,77341,Taiwan
0012w00000Lz0ikAAB,Green567 Inc,Partner,Telecommunications,400,77351,Switzerland
0012w00000Lz0ilAAB,Long568 Inc,Customer,Engineering,400,77352,Russian
0012w00000Lz0imAAB,Horton569 Inc,Customer,Retail,400,80100,Canada
0012w00000Lz0inAAB,Mitchell570 Inc,Customer,Communications,400,49100,Japan
0012w00000Lz0ioAAB,Freeman571 Inc,Customer,Education,400,49200,Canada
0012w00000Lz0ipAAB,Fox572 Inc,Partner,Engineering,400,49311,Spain
0012w00000Lz0iqAAB,Haynes573 Inc,Partner,Technology,400,49319,Switzerland
0012w00000Lz0irAAB,Cain574 Inc,Partner,Biotechnology,400,49320,Switzerland
0012w00000Lz0isAAB,Grant575 Inc,Partner,Finance,400,49390,Canada
0012w00000Lz0itAAB,Bowen576 Inc,Customer,Banking,400,77341,USA
0012w00000Lz0iuAAB,Tucker577 Inc,Customer,Insurance,400,77351,USA
0012w00000Lz0ivAAB,Vargas578 Inc,Partner,Education,400,77352,Canada
0012w00000Lz0iwAAB,Hernandez579 Inc,Partner,Retail,400,80100,Canada
0012w00000Lz0ixAAB,Griffith580 Inc,Partner,Transportation,400,49100,USA
0012w00000Lz0iyAAB,Ford745 Inc,Customer,Finance,400,49200,USA
0012w00000Lz0izAAB,Greer746 Inc,Partner,Engineering,400,49311,Canada
0012w00000Lz0WTAAZ,Curry420 Inc,Customer,Media,8000,64191,Turkey
0012w00000Lz0WUAAZ,Wagner421 Inc,Customer,Education,8000,64192,USA
0012w00000Lz0WVAAZ,Rodriguez422 Inc,Customer,Electronics,8000,64205,Canada
0012w00000Lz0WWAAZ,Wells423 Inc,Customer,Banking,8000,64929,USA
0012w00000Lz0WXAAZ,Larson424 Inc,Customer,Electronics,8000,64991,USA
0012w00000Lz0WYAAZ,Davis425 Inc,Customer,Biotechnology,8000,66110,USA
0012w00000Lz0WZAAZ,Abbott426 Inc,Partner,Healthcare,8000,21100,Sweden
0012w00000Lz0WaAAJ,Garza427 Inc,Partner,Energy,8000,72110,Turkey
0012w00000Lz0WbAAJ,Sparks428 Inc,Customer,Healthcare,8000,21100,Japan
0012w00000Lz0WcAAJ,Fletcher429 Inc,Customer,Retail,8000,72110,Germany
0012w00000Lz0WdAAJ,Morris430 Inc,Partner,Banking,8000,21100,USA
0012w00000Lz0WeAAJ,James431 Inc,Customer,Engineering,8000,72110,Singapore
0012w00000Lz0WfAAJ,Newman432 Inc,Customer,Technology,8000,21100,Canada
0012w00000Lz0WgAAJ,Duncan433 Inc,Customer,Telecommunications,8000,72110,Canada
0012w00000Lz0WhAAJ,Edwards434 Inc,Partner,Transportation,8000,21100,USA
0012w00000Lz0WiAAJ,Roberson601 Inc,Partner,Technology,8000,72110,Belgium
0012w00000Lz0WjAAJ,McCarthy602 Inc,Partner,Healthcare,8000,21100,Hong Kong
0012w00000Lz0WkAAJ,Chavez603 Inc,Partner,Insurance,8000,72110,China
0012w00000Lz0WlAAJ,Reed604 Inc,Customer,Media,8000,21100,Germany
0012w00000Lz0WmAAJ,Lopez605 Inc,Customer,Banking,8000,72110,Canada
0012w00000Lz0WnAAJ,Davidson606 Inc,Customer,Healthcare,8000,21100,Switzerland
0012w00000Lz0WoAAJ,Hayes607 Inc,Customer,Insurance,8000,72110,Turkey
0012w00000Lz0WpAAJ,Rodriguez608 Inc,Partner,Media,8000,21100,USA
0012w00000Lz0d3AAB,Thornton502 Inc,Customer,Technology,10000,86220,Turkey
0012w00000Lz0d4AAB,Fitzgerald503 Inc,Customer,Banking,10000,86230,Canada
0012w00000Lz0d5AAB,Stone504 Inc,Partner,Energy,10000,86101,Canada
0012w00000Lz0d6AAB,Leonard505 Inc,Customer,Energy,10000,86102,Thailand
0012w00000Lz0d7AAB,Hudson506 Inc,Customer,Finance,10000,65110,Canada
0012w00000Lz0d8AAB,Wright507 Inc,Customer,Education,10000,65120,United Kingdom
0012w00000Lz0d9AAB,Rose673 Inc,Partner,Consulting,10000,65201,Thailand
0012w00000Lz0dAAAR,Evans674 Inc,Customer,Apparel,10000,65202,Thailand
0012w00000Lz0dBAAR,Powers675 Inc,Customer,Apparel,10000,66210,Japan
0012w00000Lz0dCAAR,Gray676 Inc,Customer,Biotechnology,10000,66220,Japan
0012w00000Lz0j2AAB,Hall749 Inc,Customer,Telecommunications,400,49390,Japan
0012w00000Lz0j3AAB,Payne750 Inc,Partner,Banking,400,77341,USA
0012w00000Lz0j4AAB,Freeman751 Inc,Customer,Retail,1100,77351,Germany
0012w00000Lz0j5AAB,Rivera752 Inc,Customer,Banking,1100,77352,USA
0012w00000Lz0j6AAB,Chambers753 Inc,Partner,Technology,1100,80100,Australia
0012w00000Lz0j7AAB,Gill754 Inc,Partner,Energy,1100,49100,Mexico
0012w00000Lz0j8AAB,Becker755 Inc,Partner,Biotechnology,1100,49200,Japan
0012w00000Lz0j9AAB,Harper756 Inc,Customer,Education,1100,49311,USA
0012w00000Lz0jAAAR,Ramirez757 Inc,Partner,Manufacturing,1100,49319,Belgium
0012w00000Lz0jBAAR,Hall758 Inc,Customer,Telecommunications,1100,49320,USA
0012w00000Lz0jCAAR,Reynolds759 Inc,Customer,Media,1100,49390,Canada
0012w00000Lz0jDAAR,Hogan760 Inc,Partner,Finance,1100,77341,India
0012w00000Lz0j0AAB,Douglas747 Inc,Customer,Insurance,400,49319,United Kingdom
0012w00000Lz0j1AAB,Mendoza748 Inc,Partner,Manufacturing,400,49320,Switzerland
0012w00000Lz0jEAAR,Hoffman761 Inc,Customer,Apparel,1100,77351,China
0012w00000Lz0jFAAR,Fleming762 Inc,Customer,Insurance,1100,61100,USA
0012w00000Lz0jGAAR,Brewer763 Inc,Customer,Electronics,1100,35130,India
0012w00000Lz0jHAAR,Sharp764 Inc,Customer,Technology,1100,35220,Canada
0012w00000Lz0jIAAR,Myers765 Inc,Customer,Communications,1100,36000,Canada
0012w00000Lz0jJAAR,Greer766 Inc,Customer,Electronics,1100,38110,Canada
0012w00000Lz0jKAAR,Casey767 Inc,Customer,Energy,1100,35130,United Kingdom
0012w00000Lz0jLAAR,Rodriguez768 Inc,Customer,Manufacturing,1100,35220,Japan
0012w00000Lz0jMAAR,Wilkerson769 Inc,Customer,Insurance,1100,36000,Japan
0012w00000Lz0jNAAR,Cooper770 Inc,Partner,Telecommunications,1100,38110,United Kingdom
0012w00000Lz0jOAAR,Lawson921 Inc,Customer,Engineering,1100,35130,Normway
0012w00000Lz0WrAAJ,Potter610 Inc,Customer,Transportation,8000,21100,USA
0012w00000Lz0WsAAJ,Lamb611 Inc,Partner,Consulting,8000,72110,Thailand
0012w00000Lz0WtAAJ,Day612 Inc,Customer,Agriculture,8000,21100,USA
0012w00000Lz0WuAAJ,Moody613 Inc,Customer,Transportation,8000,72110,Japan
0012w00000Lz0WvAAJ,Marsh614 Inc,Partner,Finance,8000,21100,Mexico
0012w00000Lz0WwAAJ,Lee615 Inc,Customer,Insurance,8000,72110,Turkey
0012w00000Lz0WxAAJ,Ingram616 Inc,Customer,Media,8000,21100,Canada
0012w00000Lz0WyAAJ,Roy617 Inc,Customer,Telecommunications,8000,72110,Canada
0012w00000Lz0WzAAJ,Buchanan618 Inc,Customer,Transportation,8000,21100,Turkey
0012w00000Lz0X0AAJ,Maxwell619 Inc,Customer,Banking,8000,72110,USA
0012w00000Lz0WqAAJ,Buchanan609 Inc,Partner,Finance,8000,72110,USA
0012w00000Lz0X1AAJ,Castillo620 Inc,Partner,Manufacturing,8000,21100,USA
0012w00000Lz0X2AAJ,Lopez621 Inc,Customer,Utilities,8000,72110,France
0012w00000Lz0X3AAJ,Thompson622 Inc,Customer,Energy,8000,21100,Japan
0012w00000Lz0X4AAJ,Haynes623 Inc,Partner,Apparel,8000,72110,Korea
0012w00000Lz0X5AAJ,Quinn624 Inc,Partner,Apparel,8000,21100,India
0012w00000Lz0X6AAJ,Lawrence772 Inc,Customer,Apparel,8000,72110,United Kingdom
0012w00000Lz0X7AAJ,Duncan773 Inc,Customer,Technology,8000,21100,Japan
0012w00000Lz0X8AAJ,Gilbert774 Inc,Partner,Media,8000,72110,USA
0012w00000Lz0X9AAJ,Joseph775 Inc,Partner,Media,8000,21100,Canada
0012w00000Lz0XAAAZ,Bridges776 Inc,Customer,Finance,8000,72110,USA
0012w00000Lz0XBAAZ,Figueroa777 Inc,Partner,Apparel,8000,21100,USA
0012w00000Lz0XCAAZ,Santiago778 Inc,Partner,Apparel,8000,72110,Japan
0012w00000Lz0XDAAZ,Richardson779 Inc,Partner,Telecommunications,8000,21100,Canada
0012w00000Lz0XEAAZ,Hamilton780 Inc,Partner,Energy,8000,72110,Singapore
0012w00000Lz0dDAAR,Aguilar677 Inc,Customer,Retail,10000,66290,Belgium
0012w00000Lz0dEAAR,Curtis678 Inc,Customer,Technology,10000,65110,USA
0012w00000Lz0dFAAR,Johnson679 Inc,Customer,Banking,10000,65120,USA
0012w00000Lz0dGAAR,Hunt680 Inc,Customer,Media,10000,65201,USA
0012w00000Lz0dHAAR,Lewis681 Inc,Customer,Energy,10000,65202,Canada
0012w00000Lz0dIAAR,Ortega682 Inc,Partner,Telecommunications,10000,66210,Turkey
0012w00000Lz0dJAAR,Hanson683 Inc,Customer,Consulting,10000,66220,Canada
0012w00000Lz0dKAAR,Ryan684 Inc,Partner,Electronics,10000,66290,China
0012w00000Lz0dLAAR,Watts685 Inc,Customer,Biotechnology,10000,65110,USA
0012w00000Lz0dMAAR,Strickland686 Inc,Customer,Energy,10000,65120,Normway
0012w00000Lz0dNAAR,Reese687 Inc,Customer,Technology,10000,65201,USA
0012w00000Lz0dOAAR,Goodman688 Inc,Customer,Technology,10000,65202,Singapore
0012w00000Lz0dPAAR,Benson689 Inc,Customer,Manufacturing,10000,66210,Italy
0012w00000Lz0dQAAR,Todd690 Inc,Customer,Biotechnology,10000,66220,USA
0012w00000Lz0dRAAR,Olson691 Inc,Customer,Healthcare,10000,66290,Canada
0012w00000Lz0dSAAR,Haynes692 Inc,Partner,Insurance,10000,65110,United Kingdom
0012w00000Lz0dTAAR,Schneider843 Inc,Partner,Energy,10000,65120,USA
0012w00000Lz0dUAAR,Reeves844 Inc,Customer,Apparel,10000,65201,Singapore
0012w00000Lz0dVAAR,Lloyd845 Inc,Customer,Banking,10000,65202,Hong Kong
0012w00000Lz0dWAAR,Beck846 Inc,Customer,Insurance,10000,66210,Germany
0012w00000Lz0dXAAR,Martin847 Inc,Partner,Agriculture,10000,66220,Switzerland
0012w00000Lz0dYAAR,Simmons848 Inc,Partner,Apparel,10000,66290,Denmark
0012w00000Lz0dZAAR,Patterson849 Inc,Partner,Energy,10000,65110,Brazil
0012w00000Lz0daAAB,Bryan850 Inc,Customer,Telecommunications,10000,65120,Italy
0012w00000Lz0jPAAR,Bennett922 Inc,Customer,Retail,1100,35220,Italy
0012w00000Lz0jQAAR,Pierce923 Inc,Partner,Electronics,1100,36000,Hong Kong
0012w00000Lz0jRAAR,Turner924 Inc,Customer,Utilities,1100,38110,Korea
0012w00000Lz0jSAAR,Graves925 Inc,Customer,Education,1100,35130,China
0012w00000Lz0jTAAR,Bryan926 Inc,Customer,Engineering,1100,35220,Singapore
0012w00000Lz0jUAAR,Blair927 Inc,Customer,Retail,1100,36000,Japan
0012w00000Lz0jVAAR,Collins928 Inc,Customer,Apparel,1100,38110,Singapore
0012w00000Lz0jWAAR,Harrison929 Inc,Customer,Utilities,1100,35130,Mexico
0012w00000Lz0jXAAR,Harris930 Inc,Customer,Biotechnology,1100,35220,Thailand
0012w00000Lz0jYAAR,McCarthy931 Inc,Partner,Finance,1100,36000,Canada
0012w00000Lz0jZAAR,Patterson932 Inc,Customer,Telecommunications,1100,38110,USA
0012w00000Lz0jaAAB,Hopkins933 Inc,Customer,Energy,1100,35130,Switzerland
0012w00000Lz0jbAAB,Brewer934 Inc,Customer,Insurance,1100,35220,Brazil
0012w00000Lz0jcAAB,Stokes935 Inc,Customer,Electronics,1100,36000,Hong Kong
0012w00000Lz0jdAAB,Mendoza936 Inc,Customer,Telecommunications,1100,38110,China
0012w00000Lz0jeAAB,Glover937 Inc,Customer,Agriculture,1100,35130,USA
0012w00000Lz0jfAAB,Bowen938 Inc,Customer,Energy,1100,35220,USA
0012w00000Lz0jgAAB,Watkins939 Inc,Customer,Biotechnology,1100,36000,United Kingdom
0012w00000Lz0jhAAB,Bowman940 Inc,Customer,Finance,1100,38110,United Kingdom
0012w00000Lz0jiAAB,Brewer941 Inc,Partner,Apparel,1100,35130,Brazil
0012w00000Lz0jjAAB,Bailey942 Inc,Customer,Agriculture,1100,35220,USA
0012w00000Lz0jkAAB,Lynch943 Inc,Customer,Consulting,1100,36000,India
0012w00000Lz0jlAAB,Holloway944 Inc,Customer,Insurance,1100,38110,Singapore
0012w00000Lz0jmAAB,Holmes945 Inc,Customer,Insurance,1100,35130,Hong Kong
0012w00000Lz0XFAAZ,Norton781 Inc,Customer,Media,8000,21100,Canada
0012w00000Lz0XGAAZ,Morgan782 Inc,Customer,Transportation,8000,72110,Canada
0012w00000Lz0XHAAZ,Ingram783 Inc,Partner,Retail,8000,21100,Mexico
0012w00000Lz0XIAAZ,Palmer784 Inc,Customer,Agriculture,8000,72110,Canada
0012w00000Lz0XJAAZ,Peters785 Inc,Partner,Biotechnology,8000,21100,Japan
0012w00000Lz0XKAAZ,Hunt786 Inc,Customer,Electronics,8000,72110,Denmark
0012w00000Lz0XLAAZ,Medina787 Inc,Partner,Energy,8000,21100,Hong Kong
0012w00000Lz0XMAAZ,French788 Inc,Customer,Utilities,8000,72110,China
0012w00000Lz0XNAAZ,Underwood789 Inc,Partner,Healthcare,8000,21100,India
0012w00000Lz0XOAAZ,Keller1 Inc,Partner,Media,8000,72110,Canada
0012w00000Lz0XPAAZ,Herrera2 Inc,Customer,Healthcare,8000,21100,Canada
0012w00000Lz0XQAAZ,Burgess3 Inc,Customer,Transportation,8000,72110,Germany
0012w00000Lz0XRAAZ,Terry4 Inc,Partner,Engineering,8000,21100,Turkey
0012w00000Lz0XSAAZ,Robertson5 Inc,Partner,Agriculture,8000,72110,Canada
0012w00000Lz0XTAAZ,Zimmerman6 Inc,Customer,Insurance,8000,47429,Thailand
0012w00000Lz0XUAAZ,Holmes7 Inc,Customer,Engineering,8000,61900,Korea
0012w00000Lz0XVAAZ,Roberson8 Inc,Customer,Technology,8000,47429,Spain
0012w00000Lz0XWAAZ,Jefferson9 Inc,Customer,Agriculture,4000,61900,Switzerland
0012w00000Lz0XXAAZ,Mendez10 Inc,Customer,Biotechnology,4000,47429,Canada
0012w00000Lz0XYAAZ,Graham11 Inc,Customer,Healthcare,4000,61900,Turkey
0012w00000Lz0XZAAZ,Hardy12 Inc,Partner,Manufacturing,4000,47429,Canada
0012w00000Lz0XaAAJ,Harris13 Inc,Customer,Banking,4000,61900,Normway
0012w00000Lz0XbAAJ,Crawford14 Inc,Customer,Telecommunications,4000,47429,Belgium
0012w00000Lz0XcAAJ,Hampton15 Inc,Customer,Utilities,4000,61900,United Kingdom
0012w00000Lz0dbAAB,Walters851 Inc,Partner,Engineering,10000,65201,Canada
0012w00000Lz0dcAAB,Riley852 Inc,Partner,Media,10000,65202,Russian
0012w00000Lz0ddAAB,Jefferson853 Inc,Customer,Insurance,10000,66210,Spain
0012w00000Lz0deAAB,Richardson854 Inc,Partner,Apparel,10000,66220,Japan
0012w00000Lz0dfAAB,Hodges855 Inc,Customer,Retail,10000,66290,Taiwan
0012w00000Lz0dgAAB,Goodwin856 Inc,Partner,Consulting,10000,65110,Canada
0012w00000Lz0dhAAB,Johnston857 Inc,Customer,Utilities,10000,65120,Denmark
0012w00000Lz0diAAB,Cross858 Inc,Customer,Energy,10000,65201,Canada
0012w00000Lz0djAAB,Jefferson859 Inc,Partner,Apparel,10000,65202,Switzerland
0012w00000Lz0dkAAB,Stone860 Inc,Customer,Biotechnology,10000,66210,Canada
0012w00000Lz0dlAAB,Murphy861 Inc,Partner,Communications,10000,66220,Normway
0012w00000Lz0dmAAB,Rodgers862 Inc,Customer,Communications,10000,66290,Canada
0012w00000Lz0dnAAB,Payne863 Inc,Partner,Transportation,10000,65110,United Kingdom
0012w00000Lz0doAAB,Estrada864 Inc,Partner,Retail,10000,65120,USA
0012w00000Lz0dpAAB,McDonald865 Inc,Customer,Biotechnology,10000,65201,Japan
0012w00000Lz0dqAAB,Tran866 Inc,Customer,Energy,10000,65202,India
0012w00000Lz0drAAB,Riley867 Inc,Partner,Utilities,10000,66210,Switzerland
0012w00000Lz0dsAAB,Herrera868 Inc,Customer,Utilities,10000,66220,Australia
0012w00000Lz0dtAAB,Joseph988 Inc,Customer,Energy,10000,66290,USA
0012w00000Lz0duAAB,Hogan989 Inc,Customer,Transportation,10000,65110,Canada
0012w00000Lz0dvAAB,West990 Inc,Customer,Healthcare,10000,65120,Sweden
0012w00000Lz0dwAAB,Adams991 Inc,Customer,Energy,10000,65201,France
0012w00000Lz0dxAAB,Allison992 Inc,Partner,Media,10000,65202,Japan
0012w00000Lz0dyAAB,Singleton993 Inc,Customer,Banking,10000,66210,Sweden
0012w00000Lz0jnAAB,Santiago946 Inc,Customer,Consulting,1100,35220,Normway
0012w00000Lz0joAAB,Acme,Partner,Manufacturing,1100,36000,USA
0012w00000Lz0jpAAB,Global Media,Customer,Media,1100,38110,Canada
0012w00000Lz0XdAAJ,Parker16 Inc,Partner,Energy,4000,47429,USA
0012w00000Lz0XeAAJ,Garza17 Inc,Partner,Energy,4000,61900,Canada
0012w00000Lz0XfAAJ,Ferguson18 Inc,Partner,Transportation,4000,47429,Canada
0012w00000Lz0XgAAJ,Bailey19 Inc,Customer,Biotechnology,4000,61900,USA
0012w00000Lz0XhAAJ,Vega20 Inc,Customer,Utilities,4000,47429,Korea
0012w00000Lz0XiAAJ,Goodman21 Inc,Customer,Apparel,4000,61900,Germany
0012w00000Lz0XjAAJ,Austin22 Inc,Customer,Media,4000,47429,Canada
0012w00000Lz0XkAAJ,Byrd23 Inc,Customer,Education,4000,61900,Canada
0012w00000Lz0XlAAJ,Lindsey24 Inc,Customer,Energy,4000,47429,Italy
0012w00000Lz0XmAAJ,Lopez215 Inc,Customer,Communications,4000,61900,Hong Kong
0012w00000Lz0XnAAJ,Tate216 Inc,Partner,Insurance,4000,47429,Canada
0012w00000Lz0XoAAJ,Ingram217 Inc,Partner,Biotechnology,4000,61900,Canada
0012w00000Lz0XpAAJ,Lopez218 Inc,Customer,Media,4000,47429,USA
0012w00000Lz0XqAAJ,Becker219 Inc,Customer,Consulting,4000,61900,Australia
0012w00000Lz0XrAAJ,Cummings220 Inc,Customer,Utilities,4000,47429,USA
0012w00000Lz0XsAAJ,Harmon221 Inc,Customer,Media,4000,61900,Canada
0012w00000Lz0XtAAJ,Singleton222 Inc,Customer,Energy,4000,85600,USA
0012w00000Lz0XuAAJ,Barber223 Inc,Customer,Education,4000,2400,Russian
0012w00000Lz0XvAAJ,Silva224 Inc,Customer,Banking,4000,85600,Brazil
0012w00000Lz0XwAAJ,Delgado225 Inc,Partner,Banking,4000,2400,United Kingdom
0012w00000Lz0XxAAJ,Simmons226 Inc,Customer,Media,4000,85600,China
0012w00000Lz0XyAAJ,Gomez227 Inc,Customer,Media,4000,2400,United Kingdom
0012w00000Lz0XzAAJ,Martinez228 Inc,Customer,Retail,4000,85600,USA
0012w00000Lz0Y0AAJ,Vaughn229 Inc,Partner,Banking,4000,2400,USA
0012w00000Lz0Y1AAJ,Hall230 Inc,Partner,Apparel,4000,85600,Canada
0012w00000Lz0dzAAB,Obrien994 Inc,Customer,Agriculture,10000,66220,USA
0012w00000Lz0e0AAB,McKinney995 Inc,Customer,Education,10000,66290,USA
0012w00000Lz0e1AAB,Hall996 Inc,Customer,Apparel,10000,65110,France
0012w00000Lz0e2AAB,Paul997 Inc,Partner,Technology,10000,65120,Canada
0012w00000Lz0e3AAB,Curry998 Inc,Partner,Banking,10000,65201,Thailand
0012w00000Lz0e4AAB,Riley999 Inc,Customer,Energy,10000,65202,Japan
0012w00000Lz0e5AAB,Alvarez72 Inc,Customer,Technology,10000,66210,India
0012w00000Lz0e6AAB,Price73 Inc,Customer,Engineering,10000,66220,Canada
0012w00000Lz0e7AAB,Wood74 Inc,Customer,Engineering,10000,66290,Canada
0012w00000Lz0e8AAB,Brock75 Inc,Customer,Apparel,10000,30200,Thailand
0012w00000Lz0e9AAB,Watts76 Inc,Customer,Manufacturing,10000,30300,Japan
0012w00000Lz0eAAAR,Norris77 Inc,Customer,Banking,10000,30400,Sweden
0012w00000Lz0eBAAR,Evans78 Inc,Partner,Retail,10000,30910,Italy
0012w00000Lz0eCAAR,Rodgers79 Inc,Partner,Banking,10000,33120,USA
0012w00000Lz0eDAAR,Stokes80 Inc,Customer,Technology,10000,30200,Switzerland
0012w00000Lz0eEAAR,Lane81 Inc,Customer,Engineering,10000,30300,Canada
0012w00000Lz0eFAAR,Flowers82 Inc,Partner,Biotechnology,10000,30400,Normway
0012w00000Lz0eGAAR,Gray83 Inc,Customer,Apparel,10000,30910,Thailand
0012w00000Lz0eHAAR,Santos84 Inc,Partner,Apparel,10000,33120,Canada
0012w00000Lz0eIAAR,Henry85 Inc,Customer,Banking,10000,30200,United Kingdom
0012w00000Lz0eJAAR,Patton86 Inc,Customer,Finance,10000,30300,USA
0012w00000Lz0eKAAR,Webster87 Inc,Customer,Retail,10000,30400,Australia
0012w00000Lz0eLAAR,Hunter88 Inc,Customer,Apparel,10000,30910,Hong Kong
0012w00000Lz0eMAAR,Bowers89 Inc,Customer,Banking,10000,33120,Canada
0012w00000Lz0Y3AAJ,Webb232 Inc,Customer,Media,4000,85600,Thailand
0012w00000Lz0Y4AAJ,Meyer233 Inc,Partner,Finance,4000,2400,Canada
0012w00000Lz0Y5AAJ,Fletcher234 Inc,Partner,Manufacturing,4000,85600,Italy
0012w00000Lz0Y6AAJ,McGee235 Inc,Partner,Manufacturing,4000,2400,Canada
0012w00000Lz0Y7AAJ,Alvarado236 Inc,Customer,Biotechnology,4000,85600,Canada
0012w00000Lz0Y8AAJ,Perez237 Inc,Partner,Utilities,4000,2400,Canada
0012w00000Lz0Y9AAJ,Taylor238 Inc,Customer,Manufacturing,4000,85600,Canada
0012w00000Lz0YAAAZ,Reeves436 Inc,Customer,Technology,4000,2400,Russian
0012w00000Lz0YBAAZ,Nguyen437 Inc,Partner,Healthcare,4000,85600,Japan
0012w00000Lz0YCAAZ,Williams438 Inc,Customer,Media,4000,2400,United Kingdom
0012w00000Lz0YDAAZ,Rivera439 Inc,Partner,Media,4000,85600,Japan
0012w00000Lz0Y2AAJ,Parks231 Inc,Customer,Education,4000,2400,Hong Kong
0012w00000Lz0YEAAZ,Mann440 Inc,Customer,Electronics,4000,2400,USA
0012w00000Lz0YFAAZ,Owens441 Inc,Customer,Agriculture,4000,85600,Thailand
0012w00000Lz0YGAAZ,Robinson442 Inc,Partner,Retail,4000,2400,Canada
0012w00000Lz0YHAAZ,James443 Inc,Partner,Manufacturing,4000,85600,Canada
0012w00000Lz0YIAAZ,Oliver444 Inc,Customer,Energy,4000,2400,Canada
0012w00000Lz0YJAAZ,Norton445 Inc,Customer,Utilities,4000,85600,Japan
0012w00000Lz0YKAAZ,Benson446 Inc,Customer,Apparel,4000,2400,Belgium
0012w00000Lz0YLAAZ,Beck447 Inc,Customer,Technology,4000,85600,Canada
0012w00000Lz0YMAAZ,Myers448 Inc,Customer,Technology,4000,2400,Normway
0012w00000Lz0YNAAZ,Robbins449 Inc,Customer,Engineering,4000,85600,Taiwan
0012w00000Lz0YOAAZ,Cox450 Inc,Customer,Electronics,4000,2400,USA
0012w00000Lz0YPAAZ,Collins451 Inc,Customer,Healthcare,4000,85600,USA
0012w00000Lz0YQAAZ,Lambert452 Inc,Customer,Utilities,4000,2400,Thailand
0012w00000Lz0ePAAR,Robbins92 Inc,Partner,Consulting,10000,30400,Canada
0012w00000Lz0eQAAR,Lawrence93 Inc,Customer,Manufacturing,10000,30910,USA
0012w00000Lz0eRAAR,Sherman94 Inc,Partner,Engineering,10000,33120,Canada
0012w00000Lz0eSAAR,Dean95 Inc,Customer,Banking,10000,30200,USA
0012w00000Lz0eTAAR,Webb96 Inc,Partner,Retail,10000,30300,Australia
0012w00000Lz0eUAAR,Woods287 Inc,Customer,Insurance,10000,30400,Australia
0012w00000Lz0eVAAR,Coleman288 Inc,Customer,Engineering,10000,30910,India
0012w00000Lz0eWAAR,Schmidt289 Inc,Customer,Manufacturing,10000,33120,Japan
0012w00000Lz0eXAAR,Garrett290 Inc,Customer,Engineering,10000,30200,Japan
0012w00000Lz0eYAAR,Pena291 Inc,Customer,Apparel,10000,30300,Australia
0012w00000Lz0eZAAR,Gill292 Inc,Customer,Apparel,10000,30400,Mexico
0012w00000Lz0eaAAB,Marsh293 Inc,Customer,Transportation,10000,30910,United Kingdom
0012w00000Lz0ebAAB,Gordon294 Inc,Customer,Engineering,10000,33120,Canada
0012w00000Lz0eNAAR,Steele90 Inc,Customer,Transportation,10000,30200,Normway
0012w00000Lz0eOAAR,Leonard91 Inc,Customer,Biotechnology,10000,30300,USA
0012w00000Lz0ecAAB,Holt295 Inc,Customer,Education,10000,30200,Spain
0012w00000Lz0edAAB,Gill296 Inc,Partner,Energy,10000,30300,Mexico
0012w00000Lz0eeAAB,Mills297 Inc,Partner,Healthcare,10000,30400,Japan
0012w00000Lz0efAAB,Reynolds298 Inc,Customer,Consulting,10000,30910,USA
0012w00000Lz0egAAB,Evans299 Inc,Partner,Technology,10000,33120,Turkey
0012w00000Lz0ehAAB,Moran300 Inc,Customer,Healthcare,10000,30200,Italy
0012w00000Lz0eiAAB,Long301 Inc,Customer,Healthcare,10000,30300,Canada
0012w00000Lz0ejAAB,McDaniel302 Inc,Customer,Education,10000,30400,USA
0012w00000Lz0ekAAB,Christensen303 Inc,Customer,Insurance,10000,30910,Japan
0012w00000Lz0elAAB,Phelps304 Inc,Customer,Apparel,10000,33120,Singapore
0012w00000Lz0YRAAZ,Paul453 Inc,Customer,Transportation,4000,85600,China
0012w00000Lz0YSAAZ,Bush454 Inc,Partner,Finance,4000,85100,Normway
0012w00000Lz0YTAAZ,Holloway455 Inc,Customer,Agriculture,4000,85200,Italy
0012w00000Lz0YUAAZ,Bryant456 Inc,Partner,Electronics,4000,85310,Taiwan
0012w00000Lz0YVAAZ,Romero457 Inc,Partner,Energy,4000,85320,USA
0012w00000Lz0YWAAZ,Summers458 Inc,Customer,Electronics,4000,85410,Canada
0012w00000Lz0YXAAZ,Copeland459 Inc,Customer,Consulting,4000,85421,Japan
0012w00000Lz0YYAAZ,Bowers460 Inc,Partner,Banking,4000,85422,Belgium
0012w00000Lz0YZAAZ,Rodgers461 Inc,Partner,Retail,4000,85100,USA
0012w00000Lz0YaAAJ,Boone625 Inc,Customer,Media,4000,85200,Singapore
0012w00000Lz0YbAAJ,Rodriquez626 Inc,Customer,Insurance,4000,85310,USA
0012w00000Lz0YcAAJ,Hale627 Inc,Customer,Electronics,4000,85320,USA
0012w00000Lz0YdAAJ,Stokes628 Inc,Customer,Telecommunications,4000,85410,India
0012w00000Lz0YeAAJ,Edwards629 Inc,Customer,Electronics,4000,85421,India
0012w00000Lz0YfAAJ,Gordon630 Inc,Partner,Agriculture,4000,85422,United Kingdom
0012w00000Lz0YgAAJ,Thomas631 Inc,Customer,Biotechnology,4000,85100,Korea
0012w00000Lz0YhAAJ,Hodges632 Inc,Customer,Manufacturing,4000,85200,Switzerland
0012w00000Lz0YiAAJ,Lindsey633 Inc,Customer,Insurance,4000,85310,France
0012w00000Lz0YjAAJ,Price634 Inc,Customer,Manufacturing,4000,85320,China
0012w00000Lz0YkAAJ,Mack635 Inc,Customer,Transportation,4000,85410,USA
0012w00000Lz0YlAAJ,Walton636 Inc,Partner,Consulting,4000,85421,Canada
0012w00000Lz0YmAAJ,Herrera637 Inc,Customer,Utilities,4000,85422,China
0012w00000Lz0YnAAJ,Anderson638 Inc,Customer,Insurance,4000,85100,Russian
0012w00000Lz0YoAAJ,Ryan639 Inc,Customer,Communications,4000,85200,Japan
0012w00000Lz0ZDAAZ,Price807 Inc,Partner,Apparel,4000,27320,Taiwan
0012w00000Lz0ZEAAZ,Rodriguez808 Inc,Customer,Transportation,4000,27330,Japan
0012w00000Lz0ZFAAZ,Morales809 Inc,Partner,Energy,4000,26400,Canada
0012w00000Lz0ZGAAZ,Burton810 Inc,Partner,Banking,4000,26511,USA
0012w00000Lz0ZHAAZ,Chandler811 Inc,Partner,Manufacturing,4000,26512,USA
0012w00000Lz0ZIAAZ,Adkins812 Inc,Customer,Energy,4000,27110,India
0012w00000Lz0ZJAAZ,Arnold813 Inc,Customer,Communications,4000,27120,Canada
0012w00000Lz0ZKAAZ,Gordon814 Inc,Partner,Energy,4000,27200,USA
0012w00000Lz0ZLAAZ,Sims815 Inc,Partner,Finance,4000,27310,USA
0012w00000Lz0ZMAAZ,Stevenson947 Inc,Customer,Energy,4000,27320,Thailand
0012w00000Lz0ZNAAZ,Chavez948 Inc,Partner,Biotechnology,4000,27330,USA
0012w00000Lz0ZOAAZ,Martin949 Inc,Customer,Finance,4000,26400,USA
0012w00000Lz0ZPAAZ,Cohen950 Inc,Customer,Biotechnology,4000,26511,Normway
0012w00000Lz0ZQAAZ,Walsh951 Inc,Partner,Apparel,4000,26512,Brazil
0012w00000Lz0ZRAAZ,Sims952 Inc,Customer,Engineering,4000,27110,Taiwan
0012w00000Lz0ZSAAZ,Reed953 Inc,Customer,Apparel,4000,27120,USA
0012w00000Lz0ZTAAZ,Stevenson954 Inc,Customer,Insurance,4000,27200,Canada
0012w00000Lz0ZUAAZ,Briggs955 Inc,Customer,Energy,4000,27310,Switzerland
0012w00000Lz0eoAAB,Fowler307 Inc,Partner,Agriculture,10000,30400,Germany
0012w00000Lz0epAAB,Hughes308 Inc,Customer,Finance,10000,30910,Canada
0012w00000Lz0eqAAB,Harper309 Inc,Customer,Apparel,10000,33120,Japan
0012w00000Lz0erAAB,Sims310 Inc,Partner,Apparel,10000,30200,Japan
0012w00000Lz0esAAB,Wright311 Inc,Partner,Technology,10000,30300,India
0012w00000Lz0etAAB,Wade312 Inc,Partner,Transportation,10000,30400,Japan
0012w00000Lz0euAAB,Edwards508 Inc,Customer,Banking,10000,30910,USA
0012w00000Lz0evAAB,Holland509 Inc,Customer,Electronics,10000,33120,United Kingdom
0012w00000Lz0ewAAB,Medina510 Inc,Customer,Technology,10000,30200,China
0012w00000Lz0exAAB,Patton511 Inc,Partner,Manufacturing,10000,30300,Normway
0012w00000Lz0eyAAB,Berry512 Inc,Customer,Transportation,10000,30400,United Kingdom
0012w00000Lz0ezAAB,Conner513 Inc,Partner,Engineering,10000,30910,Canada
0012w00000Lz0f0AAB,Tran514 Inc,Partner,Engineering,10000,33120,Japan
0012w00000Lz0f1AAB,Wade515 Inc,Customer,Agriculture,10000,30200,China
0012w00000Lz0emAAB,Gutierrez305 Inc,Customer,Energy,10000,30200,Mexico
0012w00000Lz0enAAB,Woods306 Inc,Customer,Agriculture,10000,30300,USA
0012w00000Lz0f2AAB,Morales516 Inc,Partner,Energy,10000,30300,China
0012w00000Lz0f3AAB,Fox517 Inc,Customer,Energy,10000,30400,USA
0012w00000Lz0f4AAB,Guzman518 Inc,Partner,Banking,10000,30910,USA
0012w00000Lz0f5AAB,Bennett519 Inc,Customer,Manufacturing,10000,33120,Russian
0012w00000Lz0f6AAB,Ortiz520 Inc,Customer,Transportation,10000,30200,USA
0012w00000Lz0f7AAB,Knight521 Inc,Customer,Transportation,10000,30300,USA
0012w00000Lz0f8AAB,Collins522 Inc,Customer,Engineering,10000,30400,Japan
0012w00000Lz0f9AAB,Ramirez523 Inc,Customer,Utilities,10000,18110,Brazil
0012w00000Lz0fAAAR,Lopez524 Inc,Partner,Media,10000,58130,USA
0012w00000Lz0YpAAJ,Paul640 Inc,Customer,Electronics,4000,85310,France
0012w00000Lz0YqAAJ,Hoffman641 Inc,Customer,Utilities,4000,85320,Brazil
0012w00000Lz0YrAAJ,Norris642 Inc,Customer,Apparel,4000,85410,Mexico
0012w00000Lz0YsAAJ,Griffith643 Inc,Partner,Media,4000,85421,Normway
